4000.County,4000.Invoice/Item Number,Sum(4000.Sale (Dollars)),
(Blank),S20254500001,173.76,"173.76,0,173.76"
(Blank),S13965900016,147,"147,173.76,320.76"
(Blank),S28837400005,141.78,"141.78,320.76,462.53999999999996"
(Blank),S07061900003,80.28,"80.28,462.53999999999996,542.8199999999999"
(Blank),S16019900010,67.14,"67.14,542.8199999999999,609.9599999999999"
(Blank),S10380700010,60.6,"60.6,609.9599999999999,670.56"
Adair,S06740200006,116.88,"116.88,0,116.88"
Adair,S25010500014,94.2,"94.2,116.88,211.07999999999998"
Allamakee,S23488300026,486,"486,0,486"
Allamakee,S22877600010,203.28,"203.28,486,689.28"
Allamakee,S13401900027,137.16,"137.16,689.28,826.4399999999999"
Allamakee,S13536500030,131.94,"131.94,826.4399999999999,958.3799999999999"
Allamakee,S25860100011,121.44,"121.44,958.3799999999999,1079.82"
Allamakee,S07888900057,101.64,"101.64,1079.82,1181.46"
Allamakee,S13272500002,101.58,"101.58,1181.46,1283.04"
Allamakee,S21667000003,94.2,"94.2,1283.04,1377.24"
Allamakee,S11908400029,93.78,"93.78,1377.24,1471.02"
Allamakee,S20648600013,83.1,"83.1,1471.02,1554.12"
Allamakee,S26269200013,78.06,"78.06,1554.12,1632.1799999999998"
Allamakee,S29150200010,69.12,"69.12,1632.1799999999998,1701.2999999999997"
Allamakee,S20644600017,67.41,"67.41,1701.2999999999997,1768.7099999999998"
Allamakee,S27957800027,64.02,"64.02,1768.7099999999998,1832.7299999999998"
Allamakee,S10657400011,61.62,"61.62,1832.7299999999998,1894.3499999999997"
Appanoose,S14780800011,305.88,"305.88,0,305.88"
Appanoose,S03434600012,80.94,"80.94,305.88,386.82"
Appanoose,S22088900051,74.6,"74.6,386.82,461.41999999999996"
Appanoose,S29255800001,67.14,"67.14,461.41999999999996,528.56"
Appanoose,S06183700005,66,"66,528.56,594.56"
Appanoose,S13404200004,62.28,"62.28,594.56,656.8399999999999"
Audubon,S14108200020,80.28,"80.28,0,80.28"
Benton,S06682600011,305.88,"305.88,0,305.88"
Benton,S26347500007,249.48,"249.48,305.88,555.36"
Benton,S06996200003,162.78,"162.78,555.36,718.14"
Benton,S22037800023,103.98,"103.98,718.14,822.12"
Benton,S21611800015,95.94,"95.94,822.12,918.06"
Benton,S21101400010,63.72,"63.72,918.06,981.78"
Black Hawk,S26948200001,6844.32,"6844.32,0,6844.32"
Black Hawk,S11256700007,2429.4,"2429.4,6844.32,9273.72"
Black Hawk,S10478000009,2412,"2412,9273.72,11685.72"
Black Hawk,S27075800025,2070,"2070,11685.72,13755.72"
Black Hawk,S29196000002,1628.4,"1628.4,13755.72,15384.119999999999"
Black Hawk,S06433300027,665.76,"665.76,15384.119999999999,16049.88"
Black Hawk,S29195700002,651.36,"651.36,16049.88,16701.239999999998"
Black Hawk,S24147200026,567.12,"567.12,16701.239999999998,17268.359999999997"
Black Hawk,S07149800008,559.2,"559.2,17268.359999999997,17827.559999999998"
Black Hawk,S08723900003,539.88,"539.88,17827.559999999998,18367.44"
Black Hawk,S23351700011,486,"486,18367.44,18853.44"
Black Hawk,S04258900037,485.28,"485.28,18853.44,19338.719999999998"
Black Hawk,S16385800070,422.88,"422.88,19338.719999999998,19761.6"
Black Hawk,S29049100001,384,"384,19761.6,20145.6"
Black Hawk,S22908300012,342,"342,20145.6,20487.6"
Black Hawk,S19206900017,324,"324,20487.6,20811.6"
Black Hawk,S19555000013,322.8,"322.8,20811.6,21134.399999999998"
Black Hawk,S06123100028,310.56,"310.56,21134.399999999998,21444.96"
Black Hawk,S16288500014,302.28,"302.28,21444.96,21747.239999999998"
Black Hawk,S22740300001,294.12,"294.12,21747.239999999998,22041.359999999997"
Black Hawk,S14055000066,294,"294,22041.359999999997,22335.359999999997"
Black Hawk,S03907100002,292.08,"292.08,22335.359999999997,22627.44"
Black Hawk,S09577800016,278.94,"278.94,22627.44,22906.379999999997"
Black Hawk,S27052600065,276,"276,22906.379999999997,23182.379999999997"
Black Hawk,S04053900011,244.8,"244.8,23182.379999999997,23427.179999999997"
Black Hawk,S16498700048,243,"243,23427.179999999997,23670.179999999997"
Black Hawk,S08158100005,234.48,"234.48,23670.179999999997,23904.659999999996"
Black Hawk,S12384200058,229.56,"229.56,23904.659999999996,24134.219999999998"
Black Hawk,S18740000069,224.88,"224.88,24134.219999999998,24359.1"
Black Hawk,S12223700005,220.32,"220.32,24359.1,24579.42"
Black Hawk,S20840300025,216.96,"216.96,24579.42,24796.379999999997"
Black Hawk,S14255400037,215.88,"215.88,24796.379999999997,25012.26"
Black Hawk,S08736600003,215.52,"215.52,25012.26,25227.78"
Black Hawk,S24497500063,212.04,"212.04,25227.78,25439.82"
Black Hawk,S23115800011,211.56,"211.56,25439.82,25651.38"
Black Hawk,S06222200009,211.2,"211.2,25651.38,25862.58"
Black Hawk,S26665300043,205.2,"205.2,25862.58,26067.780000000002"
Black Hawk,S28076900010,201.78,"201.78,26067.780000000002,26269.56"
Black Hawk,S26569700008,198.24,"198.24,26269.56,26467.800000000003"
Black Hawk,S05219100034,197.88,"197.88,26467.800000000003,26665.680000000004"
Black Hawk,S12522500030,194.22,"194.22,26665.680000000004,26859.900000000005"
Black Hawk,S29049400001,192,"192,26859.900000000005,27051.900000000005"
Black Hawk,S29049800001,192,"192,27051.900000000005,27243.900000000005"
Black Hawk,S29051000001,192,"192,27243.900000000005,27435.900000000005"
Black Hawk,S18740000061,189,"189,27435.900000000005,27624.900000000005"
Black Hawk,S09897200020,183.96,"183.96,27624.900000000005,27808.860000000004"
Black Hawk,S25986500002,180.36,"180.36,27808.860000000004,27989.220000000005"
Black Hawk,S07715500050,180,"180,27989.220000000005,28169.220000000005"
Black Hawk,S19867900048,180,"180,28169.220000000005,28349.220000000005"
Black Hawk,S23883300001,180,"180,28349.220000000005,28529.220000000005"
Black Hawk,S13721200064,179.88,"179.88,28529.220000000005,28709.100000000006"
Black Hawk,S14678500031,177.84,"177.84,28709.100000000006,28886.940000000006"
Black Hawk,S26481800019,173.76,"173.76,28886.940000000006,29060.700000000004"
Black Hawk,S04944000001,168.48,"168.48,29060.700000000004,29229.180000000004"
Black Hawk,S22615600010,162,"162,29229.180000000004,29391.180000000004"
Black Hawk,S23302300035,162,"162,29391.180000000004,29553.180000000004"
Black Hawk,S24724200014,162,"162,29553.180000000004,29715.180000000004"
Black Hawk,S28867900001,160.02,"160.02,29715.180000000004,29875.200000000004"
Black Hawk,S28868400001,160.02,"160.02,29875.200000000004,30035.220000000005"
Black Hawk,S28869800001,160.02,"160.02,30035.220000000005,30195.240000000005"
Black Hawk,S17878300001,159.72,"159.72,30195.240000000005,30354.960000000006"
Black Hawk,S21590000010,151.08,"151.08,30354.960000000006,30506.040000000008"
Black Hawk,S22876900001,150.36,"150.36,30506.040000000008,30656.40000000001"
Black Hawk,S19739600050,148.56,"148.56,30656.40000000001,30804.96000000001"
Black Hawk,S26683900007,148.56,"148.56,30804.96000000001,30953.52000000001"
Black Hawk,S14812200075,148.44,"148.44,30953.52000000001,31101.96000000001"
Black Hawk,S12303800002,143.52,"143.52,31101.96000000001,31245.48000000001"
Black Hawk,S22601700005,141.12,"141.12,31245.48000000001,31386.60000000001"
Black Hawk,S18549800047,140.88,"140.88,31386.60000000001,31527.48000000001"
Black Hawk,S14812800022,135.6,"135.6,31527.48000000001,31663.08000000001"
Black Hawk,S09885000005,134.88,"134.88,31663.08000000001,31797.96000000001"
Black Hawk,S21409400003,132.78,"132.78,31797.96000000001,31930.74000000001"
Black Hawk,S06067100070,132.24,"132.24,31930.74000000001,32062.98000000001"
Black Hawk,S04324800021,128.4,"128.4,32062.98000000001,32191.380000000012"
Black Hawk,S16499000004,128.16,"128.16,32191.380000000012,32319.54000000001"
Black Hawk,S07744000011,127.68,"127.68,32319.54000000001,32447.220000000012"
Black Hawk,S15340200014,127.44,"127.44,32447.220000000012,32574.66000000001"
Black Hawk,S20795600001,126,"126,32574.66000000001,32700.66000000001"
Black Hawk,S27052600013,126,"126,32700.66000000001,32826.66000000001"
Black Hawk,S27185900002,126,"126,32826.66000000001,32952.66000000001"
Black Hawk,S18977800006,125.88,"125.88,32952.66000000001,33078.54000000001"
Black Hawk,S19193100032,123,"123,33078.54000000001,33201.54000000001"
Black Hawk,S03651700056,120.48,"120.48,33201.54000000001,33322.02000000001"
Black Hawk,S24156600030,120.24,"120.24,33322.02000000001,33442.26000000001"
Black Hawk,S04389100019,119.94,"119.94,33442.26000000001,33562.20000000001"
Black Hawk,S28608300005,115.92,"115.92,33562.20000000001,33678.12000000001"
Black Hawk,S17725700044,112.8,"112.8,33678.12000000001,33790.92000000001"
Black Hawk,S23033500009,112.5,"112.5,33790.92000000001,33903.42000000001"
Black Hawk,S11491100014,111,"111,33903.42000000001,34014.42000000001"
Black Hawk,S21819600003,110.64,"110.64,34014.42000000001,34125.06000000001"
Black Hawk,S16720100010,110.4,"110.4,34125.06000000001,34235.460000000014"
Black Hawk,S28868300001,106.68,"106.68,34235.460000000014,34342.140000000014"
Black Hawk,S20817300015,106.56,"106.56,34342.140000000014,34448.70000000001"
Black Hawk,S28865700001,104.58,"104.58,34448.70000000001,34553.28000000001"
Black Hawk,S28866800001,104.58,"104.58,34553.28000000001,34657.860000000015"
Black Hawk,S08756100004,104.16,"104.16,34657.860000000015,34762.02000000002"
Black Hawk,S27874000153,103.5,"103.5,34762.02000000002,34865.52000000002"
Black Hawk,S20813500166,99,"99,34865.52000000002,34964.52000000002"
Black Hawk,S22789700096,99,"99,34964.52000000002,35063.52000000002"
Black Hawk,S28099300138,97.48,"97.48,35063.52000000002,35161.00000000002"
Black Hawk,S07747100125,97.45,"97.45,35161.00000000002,35258.45000000002"
Black Hawk,S26789700047,94.5,"94.5,35258.45000000002,35352.95000000002"
Black Hawk,S11648200025,94.02,"94.02,35352.95000000002,35446.970000000016"
Black Hawk,S26770700004,91.14,"91.14,35446.970000000016,35538.110000000015"
Black Hawk,S07080600005,87.12,"87.12,35538.110000000015,35625.23000000002"
Black Hawk,S13928100010,84.6,"84.6,35625.23000000002,35709.830000000016"
Black Hawk,S12805300005,81.12,"81.12,35709.830000000016,35790.95000000002"
Black Hawk,S15202400017,80.97,"80.97,35790.95000000002,35871.92000000002"
Black Hawk,S25889400012,80.64,"80.64,35871.92000000002,35952.56000000002"
Black Hawk,S03530400004,79.2,"79.2,35952.56000000002,36031.76000000002"
Black Hawk,S14226000043,78.96,"78.96,36031.76000000002,36110.720000000016"
Black Hawk,S20429400018,75.6,"75.6,36110.720000000016,36186.320000000014"
Black Hawk,S24740100038,75.12,"75.12,36186.320000000014,36261.44000000002"
Black Hawk,S28099100046,75.12,"75.12,36261.44000000002,36336.56000000002"
Black Hawk,S19376600004,75,"75,36336.56000000002,36411.56000000002"
Black Hawk,S27021400113,75,"75,36411.56000000002,36486.56000000002"
Black Hawk,S10909100010,74.96,"74.96,36486.56000000002,36561.52000000002"
Black Hawk,S05291200015,74.94,"74.94,36561.52000000002,36636.46000000002"
Black Hawk,S24494600073,74.64,"74.64,36636.46000000002,36711.10000000002"
Black Hawk,S18238500040,74.4,"74.4,36711.10000000002,36785.50000000002"
Black Hawk,S05683900013,73.8,"73.8,36785.50000000002,36859.300000000025"
Black Hawk,S06829900004,72.72,"72.72,36859.300000000025,36932.020000000026"
Black Hawk,S27028900017,72,"72,36932.020000000026,37004.020000000026"
Black Hawk,S05172300026,71.4,"71.4,37004.020000000026,37075.42000000003"
Black Hawk,S10022900004,71.4,"71.4,37075.42000000003,37146.82000000003"
Black Hawk,S17625800013,70.56,"70.56,37146.82000000003,37217.38000000003"
Black Hawk,S23014900001,70.56,"70.56,37217.38000000003,37287.940000000024"
Black Hawk,S28474900008,69.6,"69.6,37287.940000000024,37357.54000000002"
Black Hawk,S21559400019,69.57,"69.57,37357.54000000002,37427.11000000002"
Black Hawk,S15969300007,69.36,"69.36,37427.11000000002,37496.47000000002"
Black Hawk,S11644400009,68.22,"68.22,37496.47000000002,37564.690000000024"
Black Hawk,S04273800032,66.96,"66.96,37564.690000000024,37631.65000000002"
Black Hawk,S18343100010,66.39,"66.39,37631.65000000002,37698.04000000002"
Black Hawk,S08086000004,66,"66,37698.04000000002,37764.04000000002"
Black Hawk,S05217600013,65.82,"65.82,37764.04000000002,37829.86000000002"
Black Hawk,S10772500007,64.2,"64.2,37829.86000000002,37894.06000000002"
Black Hawk,S16653200011,64.02,"64.02,37894.06000000002,37958.080000000016"
Black Hawk,S24023100038,63,"63,37958.080000000016,38021.080000000016"
Black Hawk,S21552900002,60.72,"60.72,38021.080000000016,38081.80000000002"
Black Hawk,S16533200004,60.12,"60.12,38081.80000000002,38141.92000000002"
Black Hawk,S22005200049,60,"60,38141.92000000002,38201.92000000002"
Black Hawk,S24353100147,60,"60,38201.92000000002,38261.92000000002"
Black Hawk,S18116000049,57.92,"57.92,38261.92000000002,38319.84000000002"
Boone,S17110000005,265.56,"265.56,0,265.56"
Boone,S05963700014,169.92,"169.92,265.56,435.48"
Boone,S07600600007,162.78,"162.78,435.48,598.26"
Boone,S13698100007,159.72,"159.72,598.26,757.98"
Boone,S10787500046,152.88,"152.88,757.98,910.86"
Boone,S06235900007,117.48,"117.48,910.86,1028.34"
Boone,S11924900094,112.5,"112.5,1028.34,1140.84"
Boone,S19875200011,99.18,"99.18,1140.84,1240.02"
Boone,S24995500008,98.64,"98.64,1240.02,1338.66"
Boone,S15172700015,73.8,"73.8,1338.66,1412.46"
Boone,S20270100022,66.42,"66.42,1412.46,1478.88"
Boone,S15022600025,64.72,"64.72,1478.88,1543.6000000000001"
Bremer,S04533600034,989.4,"989.4,0,989.4"
Bremer,S28430100172,810,"810,989.4,1799.4"
Bremer,S28305200182,270.72,"270.72,1799.4,2070.12"
Bremer,S24809200098,234.48,"234.48,2070.12,2304.6"
Bremer,S29053900020,180,"180,2304.6,2484.6"
Bremer,S21891700006,177.36,"177.36,2484.6,2661.96"
Bremer,S24100900013,147.06,"147.06,2661.96,2809.02"
Bremer,S08373700003,143.28,"143.28,2809.02,2952.3"
Bremer,S10918000025,130.44,"130.44,2952.3,3082.7400000000002"
Bremer,S16041800006,125.88,"125.88,3082.7400000000002,3208.6200000000003"
Bremer,S13371800115,121.5,"121.5,3208.6200000000003,3330.1200000000003"
Bremer,S28868700001,106.68,"106.68,3330.1200000000003,3436.8"
Bremer,S22168500070,106.5,"106.5,3436.8,3543.3"
Bremer,S21192900037,101.64,"101.64,3543.3,3644.94"
Bremer,S12067800002,90,"90,3644.94,3734.94"
Bremer,S05758500033,75,"75,3734.94,3809.94"
Bremer,S28832700039,72.12,"72.12,3809.94,3882.06"
Bremer,S28324100009,72,"72,3882.06,3954.06"
Bremer,S13662500006,68.22,"68.22,3954.06,4022.2799999999997"
Bremer,S09425100013,65.82,"65.82,4022.2799999999997,4088.1"
Bremer,S12207900004,64.2,"64.2,4088.1,4152.3"
Bremer,S24317800030,60.98,"60.98,4152.3,4213.28"
Bremer,S12960000007,59.04,"59.04,4213.28,4272.32"
Buchanan,S16648200019,296.88,"296.88,0,296.88"
Buchanan,S26056300007,252,"252,296.88,548.88"
Buchanan,S27846500011,162.84,"162.84,548.88,711.72"
Buchanan,S21596300014,162,"162,711.72,873.72"
Buchanan,S15756600004,160.56,"160.56,873.72,1034.28"
Buchanan,S28869900001,160.02,"160.02,1034.28,1194.3"
Buchanan,S16669700023,147.24,"147.24,1194.3,1341.54"
Buchanan,S12613400003,146.4,"146.4,1341.54,1487.94"
Buchanan,S06758900008,135,"135,1487.94,1622.94"
Buchanan,S04554600028,117.48,"117.48,1622.94,1740.42"
Buchanan,S06873600020,103.92,"103.92,1740.42,1844.3400000000001"
Buchanan,S18712600010,94.5,"94.5,1844.3400000000001,1938.8400000000001"
Buchanan,S06515700010,94.08,"94.08,1938.8400000000001,2032.92"
Buchanan,S13223700011,72.72,"72.72,2032.92,2105.64"
Buchanan,S23620000019,72,"72,2105.64,2177.64"
Buchanan,S15890500003,68.22,"68.22,2177.64,2245.8599999999997"
Buchanan,S08821700018,64.74,"64.74,2245.8599999999997,2310.5999999999995"
Buchanan,S11435500030,64.74,"64.74,2310.5999999999995,2375.3399999999992"
Buena Vista,S11436200019,940.2,"940.2,0,940.2"
Buena Vista,S16441300003,447.6,"447.6,940.2,1387.8000000000002"
Buena Vista,S28456400012,388.8,"388.8,1387.8000000000002,1776.6000000000001"
Buena Vista,S22317600039,274.56,"274.56,1776.6000000000001,2051.1600000000003"
Buena Vista,S26111200008,270,"270,2051.1600000000003,2321.1600000000003"
Buena Vista,S25728500004,206.88,"206.88,2321.1600000000003,2528.0400000000004"
Buena Vista,S04216300036,192.6,"192.6,2528.0400000000004,2720.6400000000003"
Buena Vista,S13904700004,171.12,"171.12,2720.6400000000003,2891.76"
Buena Vista,S03536100031,158.4,"158.4,2891.76,3050.1600000000003"
Buena Vista,S08737300001,157.44,"157.44,3050.1600000000003,3207.6000000000004"
Buena Vista,S20519000002,132.78,"132.78,3207.6000000000004,3340.3800000000006"
Buena Vista,S23221500001,100.8,"100.8,3340.3800000000006,3441.1800000000007"
Buena Vista,S15029400021,94.08,"94.08,3441.1800000000007,3535.2600000000007"
Buena Vista,S10582800019,93.78,"93.78,3535.2600000000007,3629.040000000001"
Buena Vista,S21785800079,69.06,"69.06,3629.040000000001,3698.100000000001"
Buena Vista,S13781700003,64.74,"64.74,3698.100000000001,3762.8400000000006"
Buena Vista,S21404000037,64.02,"64.02,3762.8400000000006,3826.8600000000006"
Buena Vista,S10961700010,59.98,"59.98,3826.8600000000006,3886.8400000000006"
Butler,S18296300002,188.04,"188.04,0,188.04"
Butler,S16168900009,159.72,"159.72,188.04,347.76"
Butler,S18911500002,157.44,"157.44,347.76,505.2"
Butler,S03936700002,138.36,"138.36,505.2,643.56"
Butler,S26062100005,121.56,"121.56,643.56,765.1199999999999"
Butler,S20480800009,119.52,"119.52,765.1199999999999,884.6399999999999"
Butler,S17422000019,67.14,"67.14,884.6399999999999,951.7799999999999"
Calhoun,S20507300004,324,"324,0,324"
Calhoun,S20875700002,211.56,"211.56,324,535.56"
Calhoun,S18458300006,132.72,"132.72,535.56,668.28"
Calhoun,S14773400009,82.2,"82.2,668.28,750.48"
Carroll,S19907500015,652.32,"652.32,0,652.32"
Carroll,S06394800076,256.68,"256.68,652.32,909"
Carroll,S09418600103,193.44,"193.44,909,1102.44"
Carroll,S28237100066,180,"180,1102.44,1282.44"
Carroll,S15471600013,168.84,"168.84,1282.44,1451.28"
Carroll,S28842700012,148.56,"148.56,1451.28,1599.84"
Carroll,S07527800127,143.28,"143.28,1599.84,1743.12"
Carroll,S23045700076,142.38,"142.38,1743.12,1885.5"
Carroll,S19114300065,131.94,"131.94,1885.5,2017.44"
Carroll,S09304800076,113.28,"113.28,2017.44,2130.7200000000003"
Carroll,S22104000015,97.92,"97.92,2130.7200000000003,2228.6400000000003"
Carroll,S20167200008,95.64,"95.64,2228.6400000000003,2324.28"
Carroll,S14817900001,94.44,"94.44,2324.28,2418.7200000000003"
Carroll,S17266300007,62.28,"62.28,2418.7200000000003,2481.0000000000005"
Carroll,S27323600152,61.9,"61.9,2481.0000000000005,2542.9000000000005"
Carroll,S11055600001,60.72,"60.72,2542.9000000000005,2603.6200000000003"
Carroll,S20020600053,57.18,"57.18,2603.6200000000003,2660.8"
Cass,S29196200002,651.36,"651.36,0,651.36"
Cass,S24400500005,323.28,"323.28,651.36,974.64"
Cass,S21339600007,270,"270,974.64,1244.6399999999999"
Cass,S20803600017,225,"225,1244.6399999999999,1469.6399999999999"
Cass,S28869600001,160.02,"160.02,1469.6399999999999,1629.6599999999999"
Cass,S25028600099,156.12,"156.12,1629.6599999999999,1785.7799999999997"
Cass,S22792500059,119.88,"119.88,1785.7799999999997,1905.6599999999999"
Cass,S21339600011,119.4,"119.4,1905.6599999999999,2025.06"
Cass,S13601200006,103.92,"103.92,2025.06,2128.98"
Cass,S05322900031,101.64,"101.64,2128.98,2230.62"
Cass,S11539700018,87.06,"87.06,2230.62,2317.68"
Cass,S09564100004,78,"78,2317.68,2395.68"
Cass,S07532900097,73.44,"73.44,2395.68,2469.12"
Cass,S15240300007,64.74,"64.74,2469.12,2533.8599999999997"
Cass,S09682100153,60,"60,2533.8599999999997,2593.8599999999997"
Cedar,S10489000006,249.24,"249.24,0,249.24"
Cedar,S16608900001,159.72,"159.72,249.24,408.96000000000004"
Cedar,S19930700004,123.6,"123.6,408.96000000000004,532.5600000000001"
Cedar,S28222000013,103.98,"103.98,532.5600000000001,636.5400000000001"
Cedar,S24009000053,59.1,"59.1,636.5400000000001,695.6400000000001"
Cerro Gordo,S29196100002,1628.4,"1628.4,0,1628.4"
Cerro Gordo,S15902500004,279.72,"279.72,1628.4,1908.1200000000001"
Cerro Gordo,S16427400033,269.88,"269.88,1908.1200000000001,2178"
Cerro Gordo,S13095400056,269.76,"269.76,2178,2447.76"
Cerro Gordo,S19959800026,269.76,"269.76,2447.76,2717.5200000000004"
Cerro Gordo,S13344600034,265.44,"265.44,2717.5200000000004,2982.9600000000005"
Cerro Gordo,S18535200026,258.24,"258.24,2982.9600000000005,3241.2000000000007"
Cerro Gordo,S21049400056,258.24,"258.24,3241.2000000000007,3499.4400000000005"
Cerro Gordo,S22095600014,240.84,"240.84,3499.4400000000005,3740.2800000000007"
Cerro Gordo,S16792000010,224.64,"224.64,3740.2800000000007,3964.9200000000005"
Cerro Gordo,S19028200005,211.44,"211.44,3964.9200000000005,4176.360000000001"
Cerro Gordo,S12033700005,198,"198,4176.360000000001,4374.360000000001"
Cerro Gordo,S27065400059,198,"198,4374.360000000001,4572.360000000001"
Cerro Gordo,S13604600007,197.88,"197.88,4572.360000000001,4770.240000000001"
Cerro Gordo,S22346800011,189,"189,4770.240000000001,4959.240000000001"
Cerro Gordo,S28612300046,188.88,"188.88,4959.240000000001,5148.120000000001"
Cerro Gordo,S25395000019,179.94,"179.94,5148.120000000001,5328.06"
Cerro Gordo,S17156800008,161.64,"161.64,5328.06,5489.700000000001"
Cerro Gordo,S20801500015,156.12,"156.12,5489.700000000001,5645.820000000001"
Cerro Gordo,S23530700064,135.33,"135.33,5645.820000000001,5781.150000000001"
Cerro Gordo,S26417000134,135,"135,5781.150000000001,5916.150000000001"
Cerro Gordo,S11147800029,134.88,"134.88,5916.150000000001,6051.030000000001"
Cerro Gordo,S24016900001,132.78,"132.78,6051.030000000001,6183.81"
Cerro Gordo,S15996500091,131.94,"131.94,6183.81,6315.75"
Cerro Gordo,S21980100063,130.8,"130.8,6315.75,6446.55"
Cerro Gordo,S20220000174,129.12,"129.12,6446.55,6575.67"
Cerro Gordo,S14980700053,128.64,"128.64,6575.67,6704.31"
Cerro Gordo,S05516700075,120,"120,6704.31,6824.31"
Cerro Gordo,S21976400007,115.92,"115.92,6824.31,6940.2300000000005"
Cerro Gordo,S06714900053,115.26,"115.26,6940.2300000000005,7055.490000000001"
Cerro Gordo,S06114800025,114.36,"114.36,7055.490000000001,7169.85"
Cerro Gordo,S17804300063,112.5,"112.5,7169.85,7282.35"
Cerro Gordo,S23530800007,106.56,"106.56,7282.35,7388.910000000001"
Cerro Gordo,S10009400081,101.16,"101.16,7388.910000000001,7490.070000000001"
Cerro Gordo,S19693800025,100.56,"100.56,7490.070000000001,7590.630000000001"
Cerro Gordo,S27821600003,99,"99,7590.630000000001,7689.630000000001"
Cerro Gordo,S15649400012,96.6,"96.6,7689.630000000001,7786.230000000001"
Cerro Gordo,S09874300009,94.08,"94.08,7786.230000000001,7880.310000000001"
Cerro Gordo,S16038400002,93.78,"93.78,7880.310000000001,7974.090000000001"
Cerro Gordo,S14582900020,87,"87,7974.090000000001,8061.090000000001"
Cerro Gordo,S15086300023,82.08,"82.08,8061.090000000001,8143.170000000001"
Cerro Gordo,S11146500032,78.84,"78.84,8143.170000000001,8222.01"
Cerro Gordo,S18049900085,74.98,"74.98,8222.01,8296.99"
Cerro Gordo,S16546200058,73.8,"73.8,8296.99,8370.789999999999"
Cerro Gordo,S25527700032,72.96,"72.96,8370.789999999999,8443.749999999998"
Cerro Gordo,S04730400055,71.4,"71.4,8443.749999999998,8515.149999999998"
Cerro Gordo,S19700300020,70.56,"70.56,8515.149999999998,8585.709999999997"
Cerro Gordo,S09135300015,68.22,"68.22,8585.709999999997,8653.929999999997"
Cerro Gordo,S15488200004,67.26,"67.26,8653.929999999997,8721.189999999997"
Cerro Gordo,S19153100167,66.22,"66.22,8721.189999999997,8787.409999999996"
Cerro Gordo,S22762600058,64.8,"64.8,8787.409999999996,8852.209999999995"
Cerro Gordo,S09392600072,64.74,"64.74,8852.209999999995,8916.949999999995"
Cerro Gordo,S25248900003,64.56,"64.56,8916.949999999995,8981.509999999995"
Cerro Gordo,S25511500026,64.02,"64.02,8981.509999999995,9045.529999999995"
Cerro Gordo,S07501400001,63,"63,9045.529999999995,9108.529999999995"
Cerro Gordo,S15519500039,62.28,"62.28,9108.529999999995,9170.809999999996"
Cerro Gordo,S24263500196,59.64,"59.64,9170.809999999996,9230.449999999995"
Cherokee,S25435900012,1557,"1557,0,1557"
Cherokee,S25959800020,211.56,"211.56,1557,1768.56"
Cherokee,S07892100023,188.04,"188.04,1768.56,1956.6"
Cherokee,S11702800031,60.72,"60.72,1956.6,2017.32"
Chickasaw,S03466800009,314.28,"314.28,0,314.28"
Chickasaw,S26049200009,150.12,"150.12,314.28,464.4"
Chickasaw,S21498700020,103.08,"103.08,464.4,567.48"
Chickasaw,S22385600010,90,"90,567.48,657.48"
Chickasaw,S20844900004,57.18,"57.18,657.48,714.66"
Clarke,S08169800010,314.88,"314.88,0,314.88"
Clarke,S16878200013,162.84,"162.84,314.88,477.72"
Clarke,S21551500007,73.8,"73.8,477.72,551.52"
Clay,S27775100002,470.4,"470.4,0,470.4"
Clay,S24673100035,243,"243,470.4,713.4"
Clay,S20355100023,188.88,"188.88,713.4,902.28"
Clay,S11810700022,188.04,"188.04,902.28,1090.32"
Clay,S15654600016,140.94,"140.94,1090.32,1231.26"
Clay,S12175200011,128.4,"128.4,1231.26,1359.66"
Clay,S25187600004,121.56,"121.56,1359.66,1481.22"
Clay,S27244600024,121.44,"121.44,1481.22,1602.66"
Clay,S26868600004,112.32,"112.32,1602.66,1714.98"
Clay,S28869700001,106.68,"106.68,1714.98,1821.66"
Clay,S23557200023,88.56,"88.56,1821.66,1910.22"
Clay,S21227700011,84.96,"84.96,1910.22,1995.18"
Clay,S10898900002,77.04,"77.04,1995.18,2072.2200000000003"
Clayton,S21911800005,161.64,"161.64,0,161.64"
Clayton,S19940300035,132,"132,161.64,293.64"
Clayton,S23959900009,89.58,"89.58,293.64,383.21999999999997"
Clayton,S25422100013,89.58,"89.58,383.21999999999997,472.79999999999995"
Clayton,S14708600009,79.08,"79.08,472.79999999999995,551.88"
Clayton,S29329000031,74.88,"74.88,551.88,626.76"
Clayton,S25806200008,70.56,"70.56,626.76,697.3199999999999"
Clayton,S24906300012,64.56,"64.56,697.3199999999999,761.8799999999999"
Clayton,S27621800006,62.98,"62.98,761.8799999999999,824.8599999999999"
Clinton,S05761800107,848.4,"848.4,0,848.4"
Clinton,S26152300009,341.88,"341.88,848.4,1190.28"
Clinton,S05535400077,204.66,"204.66,1190.28,1394.94"
Clinton,S26528800246,195,"195,1394.94,1589.94"
Clinton,S05528900032,192.6,"192.6,1589.94,1782.54"
Clinton,S29050100001,192,"192,1782.54,1974.54"
Clinton,S06963100024,180,"180,1974.54,2154.54"
Clinton,S18976800011,180,"180,2154.54,2334.54"
Clinton,S26656700011,166.68,"166.68,2334.54,2501.22"
Clinton,S11164300120,155.88,"155.88,2501.22,2657.1"
Clinton,S19668000039,148.44,"148.44,2657.1,2805.54"
Clinton,S23881400014,138.12,"138.12,2805.54,2943.66"
Clinton,S27967500007,129.12,"129.12,2943.66,3072.7799999999997"
Clinton,S18237400004,122.88,"122.88,3072.7799999999997,3195.66"
Clinton,S27831100025,119.88,"119.88,3195.66,3315.54"
Clinton,S16880700036,110.82,"110.82,3315.54,3426.36"
Clinton,S04627900006,99.12,"99.12,3426.36,3525.48"
Clinton,S26799900072,96.84,"96.84,3525.48,3622.32"
Clinton,S04299600017,88.68,"88.68,3622.32,3711"
Clinton,S24617700039,86.4,"86.4,3711,3797.4"
Clinton,S25236100017,82.62,"82.62,3797.4,3880.02"
Clinton,S04183000032,78.72,"78.72,3880.02,3958.74"
Clinton,S19772000013,78.72,"78.72,3958.74,4037.4599999999996"
Clinton,S19239200148,78,"78,4037.4599999999996,4115.459999999999"
Clinton,S21820700007,75.12,"75.12,4115.459999999999,4190.579999999999"
Clinton,S24984800017,72,"72,4190.579999999999,4262.579999999999"
Clinton,S16496400072,67.26,"67.26,4262.579999999999,4329.839999999999"
Clinton,S10918800007,67.14,"67.14,4329.839999999999,4396.98"
Clinton,S10164300122,66.12,"66.12,4396.98,4463.099999999999"
Clinton,S15595600034,62.4,"62.4,4463.099999999999,4525.499999999999"
Clinton,S20789700185,61.89,"61.89,4525.499999999999,4587.389999999999"
Clinton,S14667700042,58.44,"58.44,4587.389999999999,4645.829999999999"
Clinton,S29030000173,57.92,"57.92,4645.829999999999,4703.749999999999"
Clinton,S08367000036,57.12,"57.12,4703.749999999999,4760.869999999999"
Crawford,S09196400014,314.88,"314.88,0,314.88"
Crawford,S18737000016,310.56,"310.56,314.88,625.44"
Crawford,S17392000009,235.44,"235.44,625.44,860.8800000000001"
Crawford,S05010600018,179.4,"179.4,860.8800000000001,1040.2800000000002"
Crawford,S29196300002,162.84,"162.84,1040.2800000000002,1203.1200000000001"
Crawford,S13573300018,128.58,"128.58,1203.1200000000001,1331.7"
Crawford,S14389700003,126,"126,1331.7,1457.7"
Crawford,S16635100017,116.94,"116.94,1457.7,1574.64"
Crawford,S06994500007,89.88,"89.88,1574.64,1664.52"
Crawford,S09337900020,76.47,"76.47,1664.52,1740.99"
Crawford,S21298700003,72,"72,1740.99,1812.99"
Crawford,S14818800029,62.28,"62.28,1812.99,1875.27"
Dallas,S28285700020,1829.4,"1829.4,0,1829.4"
Dallas,S20619600025,1628.4,"1628.4,1829.4,3457.8"
Dallas,S29197200002,325.68,"325.68,3457.8,3783.48"
Dallas,S06534000002,323.52,"323.52,3783.48,4107"
Dallas,S28577000022,323.28,"323.28,4107,4430.28"
Dallas,S19201600003,303.72,"303.72,4430.28,4734"
Dallas,S24813700075,297,"297,4734,5031"
Dallas,S25347400063,188.88,"188.88,5031,5219.88"
Dallas,S18300000053,135,"135,5219.88,5354.88"
Dallas,S28441300108,135,"135,5354.88,5489.88"
Dallas,S23299800024,126,"126,5489.88,5615.88"
Dallas,S25193300064,124.74,"124.74,5615.88,5740.62"
Dallas,S28869000001,106.68,"106.68,5740.62,5847.3"
Dallas,S17330700019,98.94,"98.94,5847.3,5946.24"
Dallas,S13294300005,94.08,"94.08,5946.24,6040.32"
Dallas,S23103000025,90,"90,6040.32,6130.32"
Dallas,S20108400014,80.94,"80.94,6130.32,6211.259999999999"
Dallas,S15817300017,74.22,"74.22,6211.259999999999,6285.48"
Dallas,S14453800009,66.6,"66.6,6285.48,6352.08"
Dallas,S18452500016,60.12,"60.12,6352.08,6412.2"
Dallas,S15279900018,60,"60,6412.2,6472.2"
Dallas,S18806500004,58.5,"58.5,6472.2,6530.7"
Dallas,S25741600009,58.5,"58.5,6530.7,6589.2"
Davis,S23239000005,126,"126,0,126"
Davis,S27155600001,103.5,"103.5,126,229.5"
Davis,S25355700007,72,"72,229.5,301.5"
Davis,S12095200005,67.14,"67.14,301.5,368.64"
Decatur,S15326400005,120,"120,0,120"
Delaware,S10762000011,486,"486,0,486"
Delaware,S18395700001,294.48,"294.48,486,780.48"
Delaware,S20570900026,279.72,"279.72,780.48,1060.2"
Delaware,S19803500002,227.76,"227.76,1060.2,1287.96"
Delaware,S12938900004,188.88,"188.88,1287.96,1476.8400000000001"
Delaware,S04716200020,180.84,"180.84,1476.8400000000001,1657.68"
Delaware,S27337000050,171,"171,1657.68,1828.68"
Delaware,S26566400008,99.18,"99.18,1828.68,1927.8600000000001"
Des Moines,S29206600212,1335.3,"1335.3,0,1335.3"
Des Moines,S24046700016,359.88,"359.88,1335.3,1695.1799999999998"
Des Moines,S22523900016,342,"342,1695.1799999999998,2037.1799999999998"
Des Moines,S04746400011,305.76,"305.76,2037.1799999999998,2342.9399999999996"
Des Moines,S11163800001,260.88,"260.88,2342.9399999999996,2603.8199999999997"
Des Moines,S23179100034,226.8,"226.8,2603.8199999999997,2830.62"
Des Moines,S11540400005,188.88,"188.88,2830.62,3019.5"
Des Moines,S09309000013,188.16,"188.16,3019.5,3207.66"
Des Moines,S22381000069,166.68,"166.68,3207.66,3374.3399999999997"
Des Moines,S17529400082,163.68,"163.68,3374.3399999999997,3538.0199999999995"
Des Moines,S28525300049,162,"162,3538.0199999999995,3700.0199999999995"
Des Moines,S08506200002,151.8,"151.8,3700.0199999999995,3851.8199999999997"
Des Moines,S15492800091,137.16,"137.16,3851.8199999999997,3988.9799999999996"
Des Moines,S10681400012,136.44,"136.44,3988.9799999999996,4125.419999999999"
Des Moines,S07660900109,130.44,"130.44,4125.419999999999,4255.859999999999"
Des Moines,S10699400047,130,"130,4255.859999999999,4385.859999999999"
Des Moines,S21861300101,126,"126,4385.859999999999,4511.859999999999"
Des Moines,S17658900030,125.88,"125.88,4511.859999999999,4637.739999999999"
Des Moines,S19010100182,123.54,"123.54,4637.739999999999,4761.279999999999"
Des Moines,S22927800089,116.88,"116.88,4761.279999999999,4878.159999999999"
Des Moines,S05301000155,109.2,"109.2,4878.159999999999,4987.359999999999"
Des Moines,S22778800017,108.6,"108.6,4987.359999999999,5095.959999999999"
Des Moines,S19137200082,101.28,"101.28,5095.959999999999,5197.239999999999"
Des Moines,S08366000019,98.88,"98.88,5197.239999999999,5296.119999999999"
Des Moines,S10166100013,93.78,"93.78,5296.119999999999,5389.899999999999"
Des Moines,S17409600023,92.76,"92.76,5389.899999999999,5482.659999999999"
Des Moines,S05762600008,90,"90,5482.659999999999,5572.659999999999"
Des Moines,S22935900022,90,"90,5572.659999999999,5662.659999999999"
Des Moines,S26302700032,89.02,"89.02,5662.659999999999,5751.679999999999"
Des Moines,S26834100056,82.5,"82.5,5751.679999999999,5834.179999999999"
Des Moines,S07205200018,80.88,"80.88,5834.179999999999,5915.0599999999995"
Des Moines,S08201600068,79.1,"79.1,5915.0599999999995,5994.16"
Des Moines,S03601100107,76.5,"76.5,5994.16,6070.66"
Des Moines,S18751100036,73.8,"73.8,6070.66,6144.46"
Des Moines,S27469700099,72.66,"72.66,6144.46,6217.12"
Des Moines,S04411000019,71.04,"71.04,6217.12,6288.16"
Des Moines,S27613000021,70.56,"70.56,6288.16,6358.72"
Des Moines,S25015300003,64.8,"64.8,6358.72,6423.52"
Des Moines,S07089300178,62.96,"62.96,6423.52,6486.4800000000005"
Des Moines,S07919900185,62.96,"62.96,6486.4800000000005,6549.4400000000005"
Des Moines,S09539200180,61.8,"61.8,6549.4400000000005,6611.240000000001"
Des Moines,S21195900026,61.56,"61.56,6611.240000000001,6672.800000000001"
Des Moines,S04197400002,58.56,"58.56,6672.800000000001,6731.3600000000015"
Dickinson,S12585300015,809.28,"809.28,0,809.28"
Dickinson,S16693600047,391.92,"391.92,809.28,1201.2"
Dickinson,S10057400019,314.88,"314.88,1201.2,1516.08"
Dickinson,S14871800069,245.4,"245.4,1516.08,1761.48"
Dickinson,S13994500068,206.88,"206.88,1761.48,1968.3600000000001"
Dickinson,S08654700020,191.76,"191.76,1968.3600000000001,2160.12"
Dickinson,S06969600136,188.88,"188.88,2160.12,2349"
Dickinson,S17189700058,180,"180,2349,2529"
Dickinson,S20967300001,179.4,"179.4,2529,2708.4"
Dickinson,S26223500021,171,"171,2708.4,2879.4"
Dickinson,S09547700052,163.26,"163.26,2879.4,3042.66"
Dickinson,S06855800032,135.6,"135.6,3042.66,3178.2599999999998"
Dickinson,S09676200024,135.6,"135.6,3178.2599999999998,3313.8599999999997"
Dickinson,S12334900019,121.44,"121.44,3313.8599999999997,3435.2999999999997"
Dickinson,S23952800043,121.26,"121.26,3435.2999999999997,3556.56"
Dickinson,S15398000023,117.48,"117.48,3556.56,3674.04"
Dickinson,S06019700002,112.5,"112.5,3674.04,3786.54"
Dickinson,S12335800022,103.92,"103.92,3786.54,3890.46"
Dickinson,S27887300040,98.94,"98.94,3890.46,3989.4"
Dickinson,S17688400007,89.94,"89.94,3989.4,4079.34"
Dickinson,S05756700175,89.88,"89.88,4079.34,4169.22"
Dickinson,S11170100029,87.96,"87.96,4169.22,4257.18"
Dickinson,S06746600002,81.84,"81.84,4257.18,4339.02"
Dickinson,S25318300075,76.68,"76.68,4339.02,4415.700000000001"
Dickinson,S08366900034,72.96,"72.96,4415.700000000001,4488.660000000001"
Dickinson,S06021200082,71.88,"71.88,4488.660000000001,4560.540000000001"
Dickinson,S26212300163,70.6,"70.6,4560.540000000001,4631.140000000001"
Dickinson,S08352000016,65.82,"65.82,4631.140000000001,4696.960000000001"
Dickinson,S15662000031,64.74,"64.74,4696.960000000001,4761.700000000001"
Dickinson,S23571100084,64.71,"64.71,4761.700000000001,4826.410000000001"
Dickinson,S15524500034,60.12,"60.12,4826.410000000001,4886.530000000001"
Dickinson,S20476000024,58.5,"58.5,4886.530000000001,4945.030000000001"
Dubuque,S22996900012,666,"666,0,666"
Dubuque,S22994400050,477.6,"477.6,666,1143.6"
Dubuque,S11529700026,450,"450,1143.6,1593.6"
Dubuque,S25579300004,359.76,"359.76,1593.6,1953.36"
Dubuque,S19999100028,351.12,"351.12,1953.36,2304.48"
Dubuque,S25453700072,274.56,"274.56,2304.48,2579.04"
Dubuque,S07658400005,269.76,"269.76,2579.04,2848.8"
Dubuque,S16619300004,254.88,"254.88,2848.8,3103.6800000000003"
Dubuque,S24518200007,248.76,"248.76,3103.6800000000003,3352.4400000000005"
Dubuque,S19475300007,247.44,"247.44,3352.4400000000005,3599.8800000000006"
Dubuque,S27728500002,238.8,"238.8,3599.8800000000006,3838.6800000000007"
Dubuque,S04873900062,225,"225,3838.6800000000007,4063.6800000000007"
Dubuque,S08188100009,224.88,"224.88,4063.6800000000007,4288.56"
Dubuque,S17594800005,224.64,"224.64,4288.56,4513.200000000001"
Dubuque,S10164100080,198,"198,4513.200000000001,4711.200000000001"
Dubuque,S08192500005,197.76,"197.76,4711.200000000001,4908.960000000001"
Dubuque,S29049600001,192,"192,4908.960000000001,5100.960000000001"
Dubuque,S26351100012,188.88,"188.88,5100.960000000001,5289.840000000001"
Dubuque,S23353800004,171.24,"171.24,5289.840000000001,5461.080000000001"
Dubuque,S12075200050,166.44,"166.44,5461.080000000001,5627.52"
Dubuque,S07934900009,152.88,"152.88,5627.52,5780.400000000001"
Dubuque,S19929400039,148.56,"148.56,5780.400000000001,5928.960000000001"
Dubuque,S21231400112,148.56,"148.56,5928.960000000001,6077.520000000001"
Dubuque,S19348900006,141.12,"141.12,6077.520000000001,6218.640000000001"
Dubuque,S27114500032,137.16,"137.16,6218.640000000001,6355.800000000001"
Dubuque,S28007500012,137.16,"137.16,6355.800000000001,6492.960000000001"
Dubuque,S26164400020,135,"135,6492.960000000001,6627.960000000001"
Dubuque,S10769600005,134.28,"134.28,6627.960000000001,6762.240000000001"
Dubuque,S09154600013,132.84,"132.84,6762.240000000001,6895.080000000001"
Dubuque,S06244600020,132.24,"132.24,6895.080000000001,7027.320000000001"
Dubuque,S06616700023,132,"132,7027.320000000001,7159.320000000001"
Dubuque,S10286800018,131.94,"131.94,7159.320000000001,7291.26"
Dubuque,S14340400049,125.88,"125.88,7291.26,7417.14"
Dubuque,S23964800127,124.56,"124.56,7417.14,7541.700000000001"
Dubuque,S06988000015,119.64,"119.64,7541.700000000001,7661.340000000001"
Dubuque,S12983700049,113.88,"113.88,7661.340000000001,7775.220000000001"
Dubuque,S22412500009,112.5,"112.5,7775.220000000001,7887.720000000001"
Dubuque,S07353300067,110.16,"110.16,7887.720000000001,7997.880000000001"
Dubuque,S07912800031,109.68,"109.68,7997.880000000001,8107.560000000001"
Dubuque,S18571700011,106.56,"106.56,8107.560000000001,8214.12"
Dubuque,S04067900001,103.92,"103.92,8214.12,8318.04"
Dubuque,S16833700009,103.44,"103.44,8318.04,8421.480000000001"
Dubuque,S12197300023,101.22,"101.22,8421.480000000001,8522.7"
Dubuque,S18205200042,99.12,"99.12,8522.7,8621.820000000002"
Dubuque,S20193400030,99.12,"99.12,8621.820000000002,8720.940000000002"
Dubuque,S24207400035,95.98,"95.98,8720.940000000002,8816.920000000002"
Dubuque,S24435200011,95.94,"95.94,8816.920000000002,8912.860000000002"
Dubuque,S20375100107,94.5,"94.5,8912.860000000002,9007.360000000002"
Dubuque,S12075600021,93.78,"93.78,9007.360000000002,9101.140000000003"
Dubuque,S27254000001,90,"90,9101.140000000003,9191.140000000003"
Dubuque,S14766100012,89.28,"89.28,9191.140000000003,9280.420000000004"
Dubuque,S14017800006,82.2,"82.2,9280.420000000004,9362.620000000004"
Dubuque,S10164100012,80.28,"80.28,9362.620000000004,9442.900000000005"
Dubuque,S26707900118,79.52,"79.52,9442.900000000005,9522.420000000006"
Dubuque,S24702600003,75.12,"75.12,9522.420000000006,9597.540000000006"
Dubuque,S15822800021,75,"75,9597.540000000006,9672.540000000006"
Dubuque,S07789900109,73.48,"73.48,9672.540000000006,9746.020000000006"
Dubuque,S18157800112,72.32,"72.32,9746.020000000006,9818.340000000006"
Dubuque,S12191800002,68.22,"68.22,9818.340000000006,9886.560000000005"
Dubuque,S22188700027,67.5,"67.5,9886.560000000005,9954.060000000005"
Dubuque,S21252600012,66.12,"66.12,9954.060000000005,10020.180000000006"
Dubuque,S16457000094,65.22,"65.22,10020.180000000006,10085.400000000005"
Dubuque,S29100400066,64.38,"64.38,10085.400000000005,10149.780000000004"
Dubuque,S07372200004,63.9,"63.9,10149.780000000004,10213.680000000004"
Dubuque,S21517600011,63.72,"63.72,10213.680000000004,10277.400000000003"
Dubuque,S28818800015,63.48,"63.48,10277.400000000003,10340.880000000003"
Dubuque,S04408700074,62.5,"62.5,10340.880000000003,10403.380000000003"
Dubuque,S12219300026,61.77,"61.77,10403.380000000003,10465.150000000003"
Dubuque,S11932200023,60.72,"60.72,10465.150000000003,10525.870000000003"
Dubuque,S26975000011,60.72,"60.72,10525.870000000003,10586.590000000002"
Dubuque,S10919700010,60.36,"60.36,10586.590000000002,10646.950000000003"
Dubuque,S19740200017,60.12,"60.12,10646.950000000003,10707.070000000003"
Emmet,S05539300009,351.84,"351.84,0,351.84"
Emmet,S29195900002,325.68,"325.68,351.84,677.52"
Emmet,S21618100077,182.28,"182.28,677.52,859.8"
Emmet,S26730400011,60.12,"60.12,859.8,919.92"
Fayette,S04532200011,759.72,"759.72,0,759.72"
Fayette,S05639200012,373.92,"373.92,759.72,1133.64"
Fayette,S03707200007,240.06,"240.06,1133.64,1373.7"
Fayette,S13129600006,234.48,"234.48,1373.7,1608.18"
Fayette,S19624100015,177,"177,1608.18,1785.18"
Fayette,S03920500010,132.24,"132.24,1785.18,1917.42"
Fayette,S28587900014,129.12,"129.12,1917.42,2046.54"
Fayette,S09922700017,116.88,"116.88,2046.54,2163.42"
Fayette,S10565800007,113.4,"113.4,2163.42,2276.82"
Fayette,S26743000024,67.14,"67.14,2276.82,2343.96"
Fayette,S04267500013,66.24,"66.24,2343.96,2410.2"
Fayette,S05853200021,66.24,"66.24,2410.2,2476.4399999999996"
Fayette,S09294500009,64.56,"64.56,2476.4399999999996,2540.9999999999995"
Fayette,S03679400002,60,"60,2540.9999999999995,2600.9999999999995"
Floyd,S24688600001,225,"225,0,225"
Floyd,S25961300033,195.12,"195.12,225,420.12"
Floyd,S11615400004,194.22,"194.22,420.12,614.34"
Floyd,S21192800020,192,"192,614.34,806.34"
Floyd,S17321600038,127.44,"127.44,806.34,933.78"
Floyd,S11504700007,121.08,"121.08,933.78,1054.86"
Floyd,S08748300063,110.4,"110.4,1054.86,1165.26"
Floyd,S24310300021,110.3,"110.3,1165.26,1275.56"
Franklin,S27471200005,162,"162,0,162"
Franklin,S17806500012,155.4,"155.4,162,317.4"
Franklin,S06024500003,124.2,"124.2,317.4,441.59999999999997"
Franklin,S03597800005,74.88,"74.88,441.59999999999997,516.48"
Franklin,S11949700008,73.8,"73.8,516.48,590.28"
Fremont,S16571400016,64.74,"64.74,0,64.74"
Greene,S19789000001,188.16,"188.16,0,188.16"
Greene,S03488600002,162.78,"162.78,188.16,350.94"
Greene,S18741700008,161.64,"161.64,350.94,512.5799999999999"
Greene,S07050700005,134.4,"134.4,512.5799999999999,646.9799999999999"
Greene,S27571500022,106.56,"106.56,646.9799999999999,753.54"
Greene,S28896000019,99,"99,753.54,852.54"
Greene,S04704600011,97.98,"97.98,852.54,950.52"
Greene,S18869900016,72,"72,950.52,1022.52"
Greene,S04393500001,67.14,"67.14,1022.52,1089.66"
Greene,S06428700005,62.1,"62.1,1089.66,1151.76"
Grundy,S07957600006,165.3,"165.3,0,165.3"
Grundy,S13077500004,125.88,"125.88,165.3,291.18"
Grundy,S16022200008,121.56,"121.56,291.18,412.74"
Grundy,S04748800004,71.4,"71.4,412.74,484.14"
Grundy,S26479700006,67.14,"67.14,484.14,551.28"
Guthrie,S12999200006,148.44,"148.44,0,148.44"
Guthrie,S20334000007,148.44,"148.44,148.44,296.88"
Guthrie,S04518100005,80.28,"80.28,296.88,377.15999999999997"
Guthrie,S17786200004,64.56,"64.56,377.15999999999997,441.71999999999997"
Guthrie,S26575000006,64.02,"64.02,441.71999999999997,505.73999999999995"
Guthrie,S27104500017,60.96,"60.96,505.73999999999995,566.6999999999999"
Guthrie,S11292400013,59.98,"59.98,566.6999999999999,626.68"
Hamilton,S16443100208,251.76,"251.76,0,251.76"
Hamilton,S18077100007,249.3,"249.3,251.76,501.06"
Hamilton,S03424600006,125.82,"125.82,501.06,626.88"
Hamilton,S16313000016,112.5,"112.5,626.88,739.38"
Hamilton,S21104900001,103.98,"103.98,739.38,843.36"
Hamilton,S29246100015,101.64,"101.64,843.36,945"
Hamilton,S09189100084,75,"75,945,1020"
Hancock,S12024300003,265.56,"265.56,0,265.56"
Hancock,S03850900017,239.88,"239.88,265.56,505.44"
Hancock,S13911600006,154.8,"154.8,505.44,660.24"
Hancock,S27807300037,103.5,"103.5,660.24,763.74"
Hancock,S24212700013,101.64,"101.64,763.74,865.38"
Hancock,S29268400030,82.26,"82.26,865.38,947.64"
Hardin,S19686300032,422.88,"422.88,0,422.88"
Hardin,S29199300001,325.68,"325.68,422.88,748.56"
Hardin,S09123000035,325.56,"325.56,748.56,1074.12"
Hardin,S10564300004,235.8,"235.8,1074.12,1309.9199999999998"
Hardin,S04281300008,234.24,"234.24,1309.9199999999998,1544.1599999999999"
Hardin,S18792800003,211.44,"211.44,1544.1599999999999,1755.6"
Hardin,S03525300018,207.84,"207.84,1755.6,1963.4399999999998"
Hardin,S24057300076,202.44,"202.44,1963.4399999999998,2165.8799999999997"
Hardin,S03810100008,197.88,"197.88,2165.8799999999997,2363.7599999999998"
Hardin,S13091100012,192.6,"192.6,2363.7599999999998,2556.3599999999997"
Hardin,S26342800086,180,"180,2556.3599999999997,2736.3599999999997"
Hardin,S18665300036,168.12,"168.12,2736.3599999999997,2904.4799999999996"
Hardin,S23195600005,162,"162,2904.4799999999996,3066.4799999999996"
Hardin,S26723600103,162,"162,3066.4799999999996,3228.4799999999996"
Hardin,S14565800009,143.88,"143.88,3228.4799999999996,3372.3599999999997"
Hardin,S22660900059,137.16,"137.16,3372.3599999999997,3509.5199999999995"
Hardin,S15089600031,135.6,"135.6,3509.5199999999995,3645.1199999999994"
Hardin,S04602500006,116.88,"116.88,3645.1199999999994,3761.9999999999995"
Hardin,S19162400069,116.88,"116.88,3761.9999999999995,3878.8799999999997"
Hardin,S05168400051,113.88,"113.88,3878.8799999999997,3992.7599999999998"
Hardin,S08329400003,113.88,"113.88,3992.7599999999998,4106.639999999999"
Hardin,S08915200007,106.44,"106.44,4106.639999999999,4213.079999999999"
Hardin,S28865800001,104.58,"104.58,4213.079999999999,4317.659999999999"
Hardin,S05283600003,98.4,"98.4,4317.659999999999,4416.059999999999"
Hardin,S16300500012,76.5,"76.5,4416.059999999999,4492.559999999999"
Hardin,S06580800012,70.83,"70.83,4492.559999999999,4563.3899999999985"
Harrison,S04107100007,234.12,"234.12,0,234.12"
Harrison,S24415300016,108.6,"108.6,234.12,342.72"
Harrison,S09962000014,94.5,"94.5,342.72,437.22"
Harrison,S18878400017,80.94,"80.94,437.22,518.1600000000001"
Harrison,S23544500005,78.48,"78.48,518.1600000000001,596.6400000000001"
Harrison,S03748000004,70.44,"70.44,596.6400000000001,667.0800000000002"
Henry,S24408700050,540,"540,0,540"
Henry,S29199600001,488.52,"488.52,540,1028.52"
Henry,S23786000008,179.94,"179.94,1028.52,1208.46"
Henry,S06024900013,151.44,"151.44,1208.46,1359.9"
Henry,S12487400060,137.16,"137.16,1359.9,1497.0600000000002"
Henry,S21716600032,126,"126,1497.0600000000002,1623.0600000000002"
Henry,S27079100033,99.18,"99.18,1623.0600000000002,1722.2400000000002"
Howard,S29198900001,651.36,"651.36,0,651.36"
Howard,S15115400008,137.16,"137.16,651.36,788.52"
Howard,S22832200016,128.04,"128.04,788.52,916.56"
Howard,S13474100020,101.58,"101.58,916.56,1018.14"
Howard,S18646200017,94.44,"94.44,1018.14,1112.58"
Howard,S27088100013,82.62,"82.62,1112.58,1195.1999999999998"
Howard,S18539000010,67.26,"67.26,1195.1999999999998,1262.4599999999998"
Howard,S16436600006,64.74,"64.74,1262.4599999999998,1327.1999999999998"
Howard,S11497700010,61.08,"61.08,1327.1999999999998,1388.2799999999997"
Humboldt,S03862100006,114.84,"114.84,0,114.84"
Humboldt,S23448300005,104.04,"104.04,114.84,218.88"
Humboldt,S13871400001,103.92,"103.92,218.88,322.8"
Ida,S29197800002,488.52,"488.52,0,488.52"
Ida,S28458300015,116.88,"116.88,488.52,605.4"
Ida,S05108200007,90,"90,605.4,695.4"
Ida,S29050400001,76.8,"76.8,695.4,772.1999999999999"
Ida,S26089400007,70.56,"70.56,772.1999999999999,842.76"
Ida,S24226500006,60.72,"60.72,842.76,903.48"
Ida,S25481900032,57.92,"57.92,903.48,961.4"
Iowa,S11581200038,206.16,"206.16,0,206.16"
Iowa,S11449100031,161.16,"161.16,206.16,367.32"
Iowa,S18341600006,135.72,"135.72,367.32,503.03999999999996"
Iowa,S08259400019,129.72,"129.72,503.03999999999996,632.76"
Iowa,S16510900012,124.5,"124.5,632.76,757.26"
Iowa,S16052000010,121.56,"121.56,757.26,878.8199999999999"
Iowa,S22479600084,118.5,"118.5,878.8199999999999,997.3199999999999"
Iowa,S16510900137,116.94,"116.94,997.3199999999999,1114.26"
Iowa,S23685600023,116.88,"116.88,1114.26,1231.1399999999999"
Iowa,S05460800017,113.16,"113.16,1231.1399999999999,1344.3"
Iowa,S16162700010,99.12,"99.12,1344.3,1443.42"
Iowa,S23751400006,98.64,"98.64,1443.42,1542.0600000000002"
Iowa,S10208000036,96.72,"96.72,1542.0600000000002,1638.7800000000002"
Iowa,S09310200004,83.1,"83.1,1638.7800000000002,1721.88"
Iowa,S10230300047,81.72,"81.72,1721.88,1803.6000000000001"
Iowa,S22412300064,70.56,"70.56,1803.6000000000001,1874.16"
Iowa,S24607000033,70.56,"70.56,1874.16,1944.72"
Iowa,S09405700004,67.14,"67.14,1944.72,2011.8600000000001"
Iowa,S17315600002,66.84,"66.84,2011.8600000000001,2078.7000000000003"
Iowa,S03602600010,64.2,"64.2,2078.7000000000003,2142.9"
Iowa,S12371900057,63.72,"63.72,2142.9,2206.62"
Iowa,S18697600013,63.72,"63.72,2206.62,2270.3399999999997"
Iowa,S15093600003,62.28,"62.28,2270.3399999999997,2332.62"
Iowa,S13193600001,60,"60,2332.62,2392.62"
Iowa,S08670100005,59.52,"59.52,2392.62,2452.14"
Iowa,S14501900027,58.28,"58.28,2452.14,2510.42"
Jackson,S25925400005,333,"333,0,333"
Jackson,S06847200026,212.88,"212.88,333,545.88"
Jackson,S19547600019,198,"198,545.88,743.88"
Jackson,S21069400002,162,"162,743.88,905.88"
Jackson,S22257600019,162,"162,905.88,1067.88"
Jackson,S13832800013,149.88,"149.88,1067.88,1217.7600000000002"
Jackson,S06216900014,119.04,"119.04,1217.7600000000002,1336.8000000000002"
Jackson,S20803000006,106.56,"106.56,1336.8000000000002,1443.3600000000001"
Jackson,S17415800016,97.56,"97.56,1443.3600000000001,1540.92"
Jackson,S22778700041,73.8,"73.8,1540.92,1614.72"
Jackson,S10788700019,64.74,"64.74,1614.72,1679.46"
Jasper,S18921800003,220.8,"220.8,0,220.8"
Jasper,S29323600006,211.56,"211.56,220.8,432.36"
Jasper,S16331300019,180,"180,432.36,612.36"
Jasper,S15887200050,148.44,"148.44,612.36,760.8"
Jasper,S04126600004,143.4,"143.4,760.8,904.1999999999999"
Jasper,S28622400010,132.78,"132.78,904.1999999999999,1036.98"
Jasper,S08512700003,128.4,"128.4,1036.98,1165.38"
Jasper,S25022400051,119.4,"119.4,1165.38,1284.7800000000002"
Jasper,S06871500031,113.4,"113.4,1284.7800000000002,1398.1800000000003"
Jasper,S23180700218,112.11,"112.11,1398.1800000000003,1510.2900000000002"
Jasper,S06488600010,96.05,"96.05,1510.2900000000002,1606.3400000000001"
Jasper,S13080600006,94.44,"94.44,1606.3400000000001,1700.7800000000002"
Jasper,S22685000007,94.2,"94.2,1700.7800000000002,1794.9800000000002"
Jasper,S09391900008,67.8,"67.8,1794.9800000000002,1862.7800000000002"
Jasper,S03937600032,67.5,"67.5,1862.7800000000002,1930.2800000000002"
Jasper,S14012300040,67.47,"67.47,1930.2800000000002,1997.7500000000002"
Jasper,S04924100069,67.14,"67.14,1997.7500000000002,2064.8900000000003"
Jasper,S24896500002,62.28,"62.28,2064.8900000000003,2127.1700000000005"
Jasper,S28719100001,62.28,"62.28,2127.1700000000005,2189.4500000000007"
Jasper,S24284600071,59.64,"59.64,2189.4500000000007,2249.0900000000006"
Jasper,S13750400014,58.62,"58.62,2249.0900000000006,2307.7100000000005"
Jasper,S07519900007,58.44,"58.44,2307.7100000000005,2366.1500000000005"
Jefferson,S21995800050,240,"240,0,240"
Jefferson,S15367900008,173.94,"173.94,240,413.94"
Jefferson,S10672600011,121.56,"121.56,413.94,535.5"
Jefferson,S06498100030,119.04,"119.04,535.5,654.54"
Jefferson,S05194800002,117.12,"117.12,654.54,771.66"
Jefferson,S08355000051,112.5,"112.5,771.66,884.16"
Jefferson,S17038000066,94.44,"94.44,884.16,978.5999999999999"
Jefferson,S29077000007,94.2,"94.2,978.5999999999999,1072.8"
Jefferson,S10417900052,87,"87,1072.8,1159.8"
Jefferson,S26327900063,61.38,"61.38,1159.8,1221.18"
Jefferson,S21332800022,60.12,"60.12,1221.18,1281.3"
Jefferson,S07778500003,59.52,"59.52,1281.3,1340.82"
Johnson,S10642200009,3655.8,"3655.8,0,3655.8"
Johnson,S05725400108,1440,"1440,3655.8,5095.8"
Johnson,S27422800094,1327.8,"1327.8,5095.8,6423.6"
Johnson,S21084900022,1275.12,"1275.12,6423.6,7698.72"
Johnson,S04039800026,999.6,"999.6,7698.72,8698.32"
Johnson,S22419800151,999,"999,8698.32,9697.32"
Johnson,S14140700003,815.4,"815.4,9697.32,10512.72"
Johnson,S03689000046,720,"720,10512.72,11232.72"
Johnson,S27365600163,703.44,"703.44,11232.72,11936.16"
Johnson,S25379200013,540,"540,11936.16,12476.16"
Johnson,S28657500009,504,"504,12476.16,12980.16"
Johnson,S10895700010,472.32,"472.32,12980.16,13452.48"
Johnson,S24610400082,408.24,"408.24,13452.48,13860.72"
Johnson,S14808900085,347.04,"347.04,13860.72,14207.76"
Johnson,S26739200007,337.56,"337.56,14207.76,14545.32"
Johnson,S23248800043,333,"333,14545.32,14878.32"
Johnson,S23248800046,332.88,"332.88,14878.32,15211.199999999999"
Johnson,S06081300050,319.8,"319.8,15211.199999999999,15530.999999999998"
Johnson,S10976800108,316.8,"316.8,15530.999999999998,15847.799999999997"
Johnson,S19619400033,304.14,"304.14,15847.799999999997,16151.939999999997"
Johnson,S05954400023,283.44,"283.44,16151.939999999997,16435.379999999997"
Johnson,S09132800007,283.32,"283.32,16435.379999999997,16718.699999999997"
Johnson,S21143400018,252.72,"252.72,16718.699999999997,16971.42"
Johnson,S22671900112,252,"252,16971.42,17223.42"
Johnson,S17001800097,248.4,"248.4,17223.42,17471.82"
Johnson,S09735600074,234.48,"234.48,17471.82,17706.3"
Johnson,S13073200029,233.88,"233.88,17706.3,17940.18"
Johnson,S27042500066,224.88,"224.88,17940.18,18165.06"
Johnson,S24712100102,215.88,"215.88,18165.06,18380.940000000002"
Johnson,S08436700068,212.88,"212.88,18380.940000000002,18593.820000000003"
Johnson,S07991900071,207.84,"207.84,18593.820000000003,18801.660000000003"
Johnson,S13807800033,206.88,"206.88,18801.660000000003,19008.540000000005"
Johnson,S23877600066,206.88,"206.88,19008.540000000005,19215.420000000006"
Johnson,S04689200003,204,"204,19215.420000000006,19419.420000000006"
Johnson,S10012700032,203.28,"203.28,19419.420000000006,19622.700000000004"
Johnson,S17003200042,201.12,"201.12,19622.700000000004,19823.820000000003"
Johnson,S11473400014,200.88,"200.88,19823.820000000003,20024.700000000004"
Johnson,S21679900036,198,"198,20024.700000000004,20222.700000000004"
Johnson,S08317900064,197.76,"197.76,20222.700000000004,20420.460000000003"
Johnson,S13308100002,191.88,"191.88,20420.460000000003,20612.340000000004"
Johnson,S19119700009,188.88,"188.88,20612.340000000004,20801.220000000005"
Johnson,S25773900004,188.4,"188.4,20801.220000000005,20989.620000000006"
Johnson,S13044900039,188.04,"188.04,20989.620000000006,21177.660000000007"
Johnson,S26075200006,187.8,"187.8,21177.660000000007,21365.460000000006"
Johnson,S07989500009,184.2,"184.2,21365.460000000006,21549.660000000007"
Johnson,S06705400006,183.96,"183.96,21549.660000000007,21733.620000000006"
Johnson,S16246500055,181.56,"181.56,21733.620000000006,21915.180000000008"
Johnson,S21674900017,176.16,"176.16,21915.180000000008,22091.340000000007"
Johnson,S07279000014,173.64,"173.64,22091.340000000007,22264.980000000007"
Johnson,S13205900019,173.52,"173.52,22264.980000000007,22438.500000000007"
Johnson,S20403200010,171.12,"171.12,22438.500000000007,22609.620000000006"
Johnson,S04043000006,169.92,"169.92,22609.620000000006,22779.540000000005"
Johnson,S12037100095,168.78,"168.78,22779.540000000005,22948.320000000003"
Johnson,S06054900001,162.78,"162.78,22948.320000000003,23111.100000000002"
Johnson,S08480300002,162.78,"162.78,23111.100000000002,23273.88"
Johnson,S23503500019,162,"162,23273.88,23435.88"
Johnson,S18735000036,161.88,"161.88,23435.88,23597.760000000002"
Johnson,S21025300004,161.64,"161.64,23597.760000000002,23759.4"
Johnson,S28867700001,160.02,"160.02,23759.4,23919.420000000002"
Johnson,S12788800002,151.44,"151.44,23919.420000000002,24070.86"
Johnson,S17969200019,149.88,"149.88,24070.86,24220.74"
Johnson,S09737500019,148.56,"148.56,24220.74,24369.300000000003"
Johnson,S17999300070,148.56,"148.56,24369.300000000003,24517.860000000004"
Johnson,S25105200054,148.56,"148.56,24517.860000000004,24666.420000000006"
Johnson,S29161800004,148.5,"148.5,24666.420000000006,24814.920000000006"
Johnson,S18947700007,148.44,"148.44,24814.920000000006,24963.360000000004"
Johnson,S25767800065,147.6,"147.6,24963.360000000004,25110.960000000003"
Johnson,S06096900108,144.24,"144.24,25110.960000000003,25255.200000000004"
Johnson,S22788700096,144,"144,25255.200000000004,25399.200000000004"
Johnson,S14942800018,143.4,"143.4,25399.200000000004,25542.600000000006"
Johnson,S14937000072,142.44,"142.44,25542.600000000006,25685.040000000005"
Johnson,S04040300072,140.34,"140.34,25685.040000000005,25825.380000000005"
Johnson,S03580800061,138.78,"138.78,25825.380000000005,25964.160000000003"
Johnson,S26110200055,138,"138,25964.160000000003,26102.160000000003"
Johnson,S12541300092,137.16,"137.16,26102.160000000003,26239.320000000003"
Johnson,S14323200018,136.8,"136.8,26239.320000000003,26376.120000000003"
Johnson,S11874400013,135.6,"135.6,26376.120000000003,26511.72"
Johnson,S15204600022,135,"135,26511.72,26646.72"
Johnson,S08978100028,134.28,"134.28,26646.72,26781"
Johnson,S04127500049,132.24,"132.24,26781,26913.24"
Johnson,S11601700070,131.88,"131.88,26913.24,27045.120000000003"
Johnson,S07184100006,131.64,"131.64,27045.120000000003,27176.760000000002"
Johnson,S19092700017,130.44,"130.44,27176.760000000002,27307.2"
Johnson,S05032400023,129.72,"129.72,27307.2,27436.920000000002"
Johnson,S27099700013,129.72,"129.72,27436.920000000002,27566.640000000003"
Johnson,S25952700069,126,"126,27566.640000000003,27692.640000000003"
Johnson,S04127600038,124.2,"124.2,27692.640000000003,27816.840000000004"
Johnson,S24168400035,124.2,"124.2,27816.840000000004,27941.040000000005"
Johnson,S26618400003,124.2,"124.2,27941.040000000005,28065.240000000005"
Johnson,S15723600026,121.68,"121.68,28065.240000000005,28186.920000000006"
Johnson,S21777100032,121.44,"121.44,28186.920000000006,28308.360000000004"
Johnson,S22081900007,120.24,"120.24,28308.360000000004,28428.600000000006"
Johnson,S09895900006,117.48,"117.48,28428.600000000006,28546.080000000005"
Johnson,S24589200006,117,"117,28546.080000000005,28663.080000000005"
Johnson,S24343200006,116.88,"116.88,28663.080000000005,28779.960000000006"
Johnson,S08581500057,114.72,"114.72,28779.960000000006,28894.680000000008"
Johnson,S13797400004,113.88,"113.88,28894.680000000008,29008.56000000001"
Johnson,S03776000011,113.4,"113.4,29008.56000000001,29121.96000000001"
Johnson,S18601200025,113.34,"113.34,29121.96000000001,29235.30000000001"
Johnson,S22202200010,110.28,"110.28,29235.30000000001,29345.58000000001"
Johnson,S14226100103,107.58,"107.58,29345.58000000001,29453.16000000001"
Johnson,S21001400187,104.88,"104.88,29453.16000000001,29558.04000000001"
Johnson,S06096900013,103.92,"103.92,29558.04000000001,29661.96000000001"
Johnson,S29010400031,103.44,"103.44,29661.96000000001,29765.40000000001"
Johnson,S06319600009,101.4,"101.4,29765.40000000001,29866.80000000001"
Johnson,S26788200010,99,"99,29866.80000000001,29965.80000000001"
Johnson,S04915200041,98.88,"98.88,29965.80000000001,30064.68000000001"
Johnson,S09510500012,94.44,"94.44,30064.68000000001,30159.12000000001"
Johnson,S10480000039,94.44,"94.44,30159.12000000001,30253.56000000001"
Johnson,S16108700031,94.44,"94.44,30253.56000000001,30348.000000000007"
Johnson,S04148800022,90.54,"90.54,30348.000000000007,30438.540000000008"
Johnson,S28914600001,90,"90,30438.540000000008,30528.540000000008"
Johnson,S27420500047,86.7,"86.7,30528.540000000008,30615.24000000001"
Johnson,S22861300131,85.56,"85.56,30615.24000000001,30700.80000000001"
Johnson,S07848400051,84.9,"84.9,30700.80000000001,30785.70000000001"
Johnson,S27812700031,83.22,"83.22,30785.70000000001,30868.920000000013"
Johnson,S04910600123,81.84,"81.84,30868.920000000013,30950.760000000013"
Johnson,S28457400012,81.45,"81.45,30950.760000000013,31032.210000000014"
Johnson,S28404900108,81,"81,31032.210000000014,31113.210000000014"
Johnson,S28800500111,80.16,"80.16,31113.210000000014,31193.370000000014"
Johnson,S04491600008,79.92,"79.92,31193.370000000014,31273.29000000001"
Johnson,S05851300003,79.2,"79.2,31273.29000000001,31352.490000000013"
Johnson,S21639200006,79.2,"79.2,31352.490000000013,31431.690000000013"
Johnson,S22739100007,79.2,"79.2,31431.690000000013,31510.890000000014"
Johnson,S13924200030,78.96,"78.96,31510.890000000014,31589.850000000013"
Johnson,S05948400014,78,"78,31589.850000000013,31667.850000000013"
Johnson,S09482500139,77.97,"77.97,31667.850000000013,31745.820000000014"
Johnson,S20034800081,77.76,"77.76,31745.820000000014,31823.580000000013"
Johnson,S27173300013,76.56,"76.56,31823.580000000013,31900.140000000014"
Johnson,S15181600002,74.16,"74.16,31900.140000000014,31974.300000000014"
Johnson,S06201100007,73.8,"73.8,31974.300000000014,32048.100000000013"
Johnson,S11908600017,73.8,"73.8,32048.100000000013,32121.900000000012"
Johnson,S16869800017,73.8,"73.8,32121.900000000012,32195.70000000001"
Johnson,S26110200060,73.8,"73.8,32195.70000000001,32269.50000000001"
Johnson,S22216000062,72.96,"72.96,32269.50000000001,32342.46000000001"
Johnson,S06196100088,72.12,"72.12,32342.46000000001,32414.58000000001"
Johnson,S13944100073,71.76,"71.76,32414.58000000001,32486.340000000007"
Johnson,S18518800004,71.76,"71.76,32486.340000000007,32558.100000000006"
Johnson,S03895300019,71.4,"71.4,32558.100000000006,32629.500000000007"
Johnson,S20198700166,70.83,"70.83,32629.500000000007,32700.33000000001"
Johnson,S18191300038,70.8,"70.8,32700.33000000001,32771.13000000001"
Johnson,S20883500102,70.56,"70.56,32771.13000000001,32841.69000000001"
Johnson,S14517000055,67.92,"67.92,32841.69000000001,32909.61000000001"
Johnson,S22744000024,67.5,"67.5,32909.61000000001,32977.11000000001"
Johnson,S13785000026,67.26,"67.26,32977.11000000001,33044.37000000001"
Johnson,S24460000026,67.26,"67.26,33044.37000000001,33111.63000000001"
Johnson,S13332200107,67.14,"67.14,33111.63000000001,33178.77000000001"
Johnson,S23255600012,66.9,"66.9,33178.77000000001,33245.67000000001"
Johnson,S07620000027,66.24,"66.24,33245.67000000001,33311.91000000001"
Johnson,S18223200028,66.12,"66.12,33311.91000000001,33378.03000000001"
Johnson,S08317900031,65.82,"65.82,33378.03000000001,33443.85000000001"
Johnson,S14802700099,65.4,"65.4,33443.85000000001,33509.250000000015"
Johnson,S15721900110,65.28,"65.28,33509.250000000015,33574.53000000001"
Johnson,S18237000049,64.74,"64.74,33574.53000000001,33639.27000000001"
Johnson,S22092900025,64.02,"64.02,33639.27000000001,33703.29000000001"
Johnson,S24706500029,64.02,"64.02,33703.29000000001,33767.310000000005"
Johnson,S27940500043,64.02,"64.02,33767.310000000005,33831.33"
Johnson,S14244900059,63.9,"63.9,33831.33,33895.23"
Johnson,S16580800021,61.62,"61.62,33895.23,33956.850000000006"
Johnson,S09619900027,61.08,"61.08,33956.850000000006,34017.93000000001"
Johnson,S11624300019,60.6,"60.6,34017.93000000001,34078.530000000006"
Johnson,S13911500010,60,"60,34078.530000000006,34138.530000000006"
Johnson,S23611900022,59.82,"59.82,34138.530000000006,34198.350000000006"
Johnson,S21935500009,59.7,"59.7,34198.350000000006,34258.05"
Johnson,S22308800085,59.64,"59.64,34258.05,34317.69"
Johnson,S08329100040,59.1,"59.1,34317.69,34376.79"
Johnson,S18760800101,58.61,"58.61,34376.79,34435.4"
Johnson,S05707300013,57.12,"57.12,34435.4,34492.520000000004"
Jones,S21789100015,249.75,"249.75,0,249.75"
Jones,S26486800001,225.72,"225.72,249.75,475.47"
Jones,S05694100030,220.8,"220.8,475.47,696.27"
Jones,S03494700006,197.88,"197.88,696.27,894.15"
Jones,S28652400012,173.76,"173.76,894.15,1067.9099999999999"
Jones,S11545800016,169.68,"169.68,1067.9099999999999,1237.59"
Jones,S04404400009,159.3,"159.3,1237.59,1396.8899999999999"
Jones,S03941700006,125.82,"125.82,1396.8899999999999,1522.7099999999998"
Jones,S06510100016,114.36,"114.36,1522.7099999999998,1637.0699999999997"
Jones,S17846700008,94.08,"94.08,1637.0699999999997,1731.1499999999996"
Jones,S17966000051,76.75,"76.75,1731.1499999999996,1807.8999999999996"
Jones,S05875800013,71.46,"71.46,1807.8999999999996,1879.3599999999997"
Jones,S28255600002,67.14,"67.14,1879.3599999999997,1946.4999999999998"
Keokuk,S08541700007,78.72,"78.72,0,78.72"
Keokuk,S11564100008,77.94,"77.94,78.72,156.66"
Keokuk,S24773300008,60.12,"60.12,156.66,216.78"
Kossuth,S29197900002,488.52,"488.52,0,488.52"
Kossuth,S13408400029,269.88,"269.88,488.52,758.4"
Kossuth,S25875100023,238.56,"238.56,758.4,996.96"
Kossuth,S03981900019,225,"225,996.96,1221.96"
Kossuth,S12746200010,224.88,"224.88,1221.96,1446.8400000000001"
Kossuth,S27300200008,224.64,"224.64,1446.8400000000001,1671.48"
Kossuth,S09576400029,179.52,"179.52,1671.48,1851"
Kossuth,S18956900038,166.44,"166.44,1851,2017.44"
Kossuth,S28869400001,160.02,"160.02,2017.44,2177.46"
Kossuth,S13776400040,150,"150,2177.46,2327.46"
Kossuth,S05455300015,99,"99,2327.46,2426.46"
Kossuth,S29050700001,96,"96,2426.46,2522.46"
Kossuth,S26908800036,84.24,"84.24,2522.46,2606.7"
Kossuth,S19103800002,81.12,"81.12,2606.7,2687.8199999999997"
Kossuth,S06160200022,73.8,"73.8,2687.8199999999997,2761.62"
Kossuth,S18956900032,70.56,"70.56,2761.62,2832.18"
Kossuth,S09437500008,66.6,"66.6,2832.18,2898.7799999999997"
Kossuth,S06643300002,66,"66,2898.7799999999997,2964.7799999999997"
Lee,S14694500014,656.88,"656.88,0,656.88"
Lee,S04638100022,432.72,"432.72,656.88,1089.6"
Lee,S22937300023,423.12,"423.12,1089.6,1512.7199999999998"
Lee,S20689500025,396,"396,1512.7199999999998,1908.7199999999998"
Lee,S29197600002,325.68,"325.68,1908.7199999999998,2234.3999999999996"
Lee,S24892500005,323.28,"323.28,2234.3999999999996,2557.6799999999994"
Lee,S20073300022,283.44,"283.44,2557.6799999999994,2841.1199999999994"
Lee,S13208100054,279,"279,2841.1199999999994,3120.1199999999994"
Lee,S21721200051,216,"216,3120.1199999999994,3336.1199999999994"
Lee,S09160200004,179.94,"179.94,3336.1199999999994,3516.0599999999995"
Lee,S28774900013,173.76,"173.76,3516.0599999999995,3689.8199999999997"
Lee,S29198800001,162.84,"162.84,3689.8199999999997,3852.66"
Lee,S29199500001,162.84,"162.84,3852.66,4015.5"
Lee,S11931000010,162.78,"162.78,4015.5,4178.28"
Lee,S22644900006,161.64,"161.64,4178.28,4339.92"
Lee,S28868100001,160.02,"160.02,4339.92,4499.9400000000005"
Lee,S29065400007,148.56,"148.56,4499.9400000000005,4648.500000000001"
Lee,S13206600042,135,"135,4648.500000000001,4783.500000000001"
Lee,S17533900026,129.84,"129.84,4783.500000000001,4913.340000000001"
Lee,S17658400012,119.28,"119.28,4913.340000000001,5032.620000000001"
Lee,S10922800013,117.12,"117.12,5032.620000000001,5149.740000000001"
Lee,S16907700039,114.72,"114.72,5149.740000000001,5264.460000000001"
Lee,S21591000083,114,"114,5264.460000000001,5378.460000000001"
Lee,S15635400012,112.5,"112.5,5378.460000000001,5490.960000000001"
Lee,S18025400007,99.18,"99.18,5490.960000000001,5590.140000000001"
Lee,S26553500002,94.5,"94.5,5590.140000000001,5684.640000000001"
Lee,S27726700001,79.2,"79.2,5684.640000000001,5763.840000000001"
Lee,S28527100001,79.2,"79.2,5763.840000000001,5843.040000000001"
Lee,S13952700028,77.88,"77.88,5843.040000000001,5920.920000000001"
Lee,S04970200008,73.8,"73.8,5920.920000000001,5994.720000000001"
Lee,S07350100038,72.72,"72.72,5994.720000000001,6067.440000000001"
Lee,S09792600024,65.32,"65.32,6067.440000000001,6132.760000000001"
Lee,S25149900001,62.64,"62.64,6132.760000000001,6195.4000000000015"
Linn,S04465700007,3168,"3168,0,3168"
Linn,S29195800002,2442.6,"2442.6,3168,5610.6"
Linn,S26624500043,2403.54,"2403.54,5610.6,8014.14"
Linn,S12278000057,1349.4,"1349.4,8014.14,9363.54"
Linn,S08317300005,1279.2,"1279.2,9363.54,10642.740000000002"
Linn,S15979000005,1253.76,"1253.76,10642.740000000002,11896.500000000002"
Linn,S25501000013,972,"972,11896.500000000002,12868.500000000002"
Linn,S05984500004,959.4,"959.4,12868.500000000002,13827.900000000001"
Linn,S11245900001,787.2,"787.2,13827.900000000001,14615.100000000002"
Linn,S12943000024,630,"630,14615.100000000002,15245.100000000002"
Linn,S05487200004,608.88,"608.88,15245.100000000002,15853.980000000001"
Linn,S05799500024,571.2,"571.2,15853.980000000001,16425.18"
Linn,S09469500022,545.28,"545.28,16425.18,16970.46"
Linn,S08811500022,528.96,"528.96,16970.46,17499.42"
Linn,S12904300018,498.48,"498.48,17499.42,17997.899999999998"
Linn,S10881300062,485.88,"485.88,17997.899999999998,18483.78"
Linn,S04380300021,469.56,"469.56,18483.78,18953.34"
Linn,S06687700025,469.56,"469.56,18953.34,19422.9"
Linn,S17774100026,431.82,"431.82,19422.9,19854.72"
Linn,S12038300068,419.52,"419.52,19854.72,20274.24"
Linn,S21542100040,396.72,"396.72,20274.24,20670.960000000003"
Linn,S20307200044,387.36,"387.36,20670.960000000003,21058.320000000003"
Linn,S04561200016,286.56,"286.56,21058.320000000003,21344.880000000005"
Linn,S28388100003,271.32,"271.32,21344.880000000005,21616.200000000004"
Linn,S24880000024,261,"261,21616.200000000004,21877.200000000004"
Linn,S09094000005,260.88,"260.88,21877.200000000004,22138.080000000005"
Linn,S20167600022,258.24,"258.24,22138.080000000005,22396.320000000007"
Linn,S10222700014,256.68,"256.68,22396.320000000007,22653.000000000007"
Linn,S06793600021,244.5,"244.5,22653.000000000007,22897.500000000007"
Linn,S18142000006,234,"234,22897.500000000007,23131.500000000007"
Linn,S13507500005,232.2,"232.2,23131.500000000007,23363.700000000008"
Linn,S07153200063,225,"225,23363.700000000008,23588.700000000008"
Linn,S09356600021,222.06,"222.06,23588.700000000008,23810.76000000001"
Linn,S14683700029,217.32,"217.32,23810.76000000001,24028.08000000001"
Linn,S24253700058,216.96,"216.96,24028.08000000001,24245.040000000008"
Linn,S25977600047,216.96,"216.96,24245.040000000008,24462.000000000007"
Linn,S15143300016,215.88,"215.88,24462.000000000007,24677.88000000001"
Linn,S05505700029,207.24,"207.24,24677.88000000001,24885.12000000001"
Linn,S25940400007,205.2,"205.2,24885.12000000001,25090.32000000001"
Linn,S22356700079,198,"198,25090.32000000001,25288.32000000001"
Linn,S08727300001,197.88,"197.88,25288.32000000001,25486.20000000001"
Linn,S07593800004,192.6,"192.6,25486.20000000001,25678.80000000001"
Linn,S27991100033,192,"192,25678.80000000001,25870.80000000001"
Linn,S08576400014,191.4,"191.4,25870.80000000001,26062.20000000001"
Linn,S19244600086,189,"189,26062.20000000001,26251.20000000001"
Linn,S22420200008,180.24,"180.24,26251.20000000001,26431.440000000013"
Linn,S10622000024,180.12,"180.12,26431.440000000013,26611.560000000012"
Linn,S13955300010,180,"180,26611.560000000012,26791.560000000012"
Linn,S28951200015,177.12,"177.12,26791.560000000012,26968.68000000001"
Linn,S28271800008,176.16,"176.16,26968.68000000001,27144.84000000001"
Linn,S21464900023,173.76,"173.76,27144.84000000001,27318.60000000001"
Linn,S16572900048,169.5,"169.5,27318.60000000001,27488.10000000001"
Linn,S22703400008,162.84,"162.84,27488.10000000001,27650.94000000001"
Linn,S29198100002,162.84,"162.84,27650.94000000001,27813.78000000001"
Linn,S29199100001,162.84,"162.84,27813.78000000001,27976.62000000001"
Linn,S03558800021,162.78,"162.78,27976.62000000001,28139.40000000001"
Linn,S15740100012,161.64,"161.64,28139.40000000001,28301.040000000008"
Linn,S10961500028,161.4,"161.4,28301.040000000008,28462.44000000001"
Linn,S18951300007,159.96,"159.96,28462.44000000001,28622.40000000001"
Linn,S25923700012,158.4,"158.4,28622.40000000001,28780.80000000001"
Linn,S12789800063,157.5,"157.5,28780.80000000001,28938.30000000001"
Linn,S22501900005,156.12,"156.12,28938.30000000001,29094.42000000001"
Linn,S16903900031,154.38,"154.38,29094.42000000001,29248.80000000001"
Linn,S16617800015,153.72,"153.72,29248.80000000001,29402.52000000001"
Linn,S08894500006,152.88,"152.88,29402.52000000001,29555.400000000012"
Linn,S10347600065,152.4,"152.4,29555.400000000012,29707.800000000014"
Linn,S23912400005,150.12,"150.12,29707.800000000014,29857.920000000013"
Linn,S08123400030,149.88,"149.88,29857.920000000013,30007.800000000014"
Linn,S09467300015,149.88,"149.88,30007.800000000014,30157.680000000015"
Linn,S28318400124,148.68,"148.68,30157.680000000015,30306.360000000015"
Linn,S28660400121,148.68,"148.68,30306.360000000015,30455.040000000015"
Linn,S19401900012,148.44,"148.44,30455.040000000015,30603.480000000014"
Linn,S06710800043,144.24,"144.24,30603.480000000014,30747.720000000016"
Linn,S05705600090,142.8,"142.8,30747.720000000016,30890.520000000015"
Linn,S12128600021,137.16,"137.16,30890.520000000015,31027.680000000015"
Linn,S13447700057,137.16,"137.16,31027.680000000015,31164.840000000015"
Linn,S11304800072,134.94,"134.94,31164.840000000015,31299.780000000013"
Linn,S12898600020,134.88,"134.88,31299.780000000013,31434.660000000014"
Linn,S07453700018,134.82,"134.82,31434.660000000014,31569.480000000014"
Linn,S05475400047,134.76,"134.76,31569.480000000014,31704.240000000013"
Linn,S07037300015,134.28,"134.28,31704.240000000013,31838.52000000001"
Linn,S10091500012,134.28,"134.28,31838.52000000001,31972.80000000001"
Linn,S23439400062,133.74,"133.74,31972.80000000001,32106.54000000001"
Linn,S17249200021,131.04,"131.04,32106.54000000001,32237.580000000013"
Linn,S25152400020,129.12,"129.12,32237.580000000013,32366.70000000001"
Linn,S03771900051,128.4,"128.4,32366.70000000001,32495.100000000013"
Linn,S20389300117,125.28,"125.28,32495.100000000013,32620.380000000012"
Linn,S18876900008,124.2,"124.2,32620.380000000012,32744.580000000013"
Linn,S21825000002,121.56,"121.56,32744.580000000013,32866.140000000014"
Linn,S26821500070,121.5,"121.5,32866.140000000014,32987.640000000014"
Linn,S17431600007,120.24,"120.24,32987.640000000014,33107.88000000001"
Linn,S12385600019,119.52,"119.52,33107.88000000001,33227.40000000001"
Linn,S16551500078,117,"117,33227.40000000001,33344.40000000001"
Linn,S18257200030,117,"117,33344.40000000001,33461.40000000001"
Linn,S23348100046,117,"117,33461.40000000001,33578.40000000001"
Linn,S28191600010,117,"117,33578.40000000001,33695.40000000001"
Linn,S07441800045,116.88,"116.88,33695.40000000001,33812.280000000006"
Linn,S10493200006,116.88,"116.88,33812.280000000006,33929.16"
Linn,S13027600004,115.44,"115.44,33929.16,34044.600000000006"
Linn,S21776400052,113.4,"113.4,34044.600000000006,34158.00000000001"
Linn,S22677200023,113.4,"113.4,34158.00000000001,34271.40000000001"
Linn,S23944900014,113.4,"113.4,34271.40000000001,34384.80000000001"
Linn,S25678000049,113.4,"113.4,34384.80000000001,34498.20000000001"
Linn,S07439500004,112.5,"112.5,34498.20000000001,34610.70000000001"
Linn,S29107200150,110.96,"110.96,34610.70000000001,34721.66000000001"
Linn,S16758800102,110.22,"110.22,34721.66000000001,34831.88000000001"
Linn,S06439100024,109.68,"109.68,34831.88000000001,34941.56000000001"
Linn,S14000700010,107.76,"107.76,34941.56000000001,35049.320000000014"
Linn,S23198100200,106.56,"106.56,35049.320000000014,35155.88000000001"
Linn,S13437000144,104.88,"104.88,35155.88000000001,35260.76000000001"
Linn,S24896600009,104.04,"104.04,35260.76000000001,35364.80000000001"
Linn,S16081900006,103.56,"103.56,35364.80000000001,35468.36000000001"
Linn,S14726100027,101.58,"101.58,35468.36000000001,35569.94000000001"
Linn,S25906800034,101.28,"101.28,35569.94000000001,35671.22000000001"
Linn,S24580900002,101.22,"101.22,35671.22000000001,35772.44000000001"
Linn,S08673700009,99.12,"99.12,35772.44000000001,35871.56000000001"
Linn,S26224100002,99,"99,35871.56000000001,35970.56000000001"
Linn,S25327100009,98.94,"98.94,35970.56000000001,36069.500000000015"
Linn,S28838900036,98.94,"98.94,36069.500000000015,36168.44000000002"
Linn,S05830700022,98.88,"98.88,36168.44000000002,36267.320000000014"
Linn,S16320100039,98.64,"98.64,36267.320000000014,36365.960000000014"
Linn,S10109900008,95.4,"95.4,36365.960000000014,36461.360000000015"
Linn,S06787700074,94.5,"94.5,36461.360000000015,36555.860000000015"
Linn,S19529900065,94.5,"94.5,36555.860000000015,36650.360000000015"
Linn,S03773700026,94.44,"94.44,36650.360000000015,36744.80000000002"
Linn,S20035900006,94.44,"94.44,36744.80000000002,36839.24000000002"
Linn,S24819900004,94.2,"94.2,36839.24000000002,36933.44000000002"
Linn,S21519100220,92.13,"92.13,36933.44000000002,37025.570000000014"
Linn,S23701300025,91.8,"91.8,37025.570000000014,37117.37000000002"
Linn,S28313800043,90,"90,37117.37000000002,37207.37000000002"
Linn,S28306200063,89.16,"89.16,37207.37000000002,37296.53000000002"
Linn,S08023200009,88.02,"88.02,37296.53000000002,37384.55000000002"
Linn,S25827200009,87.12,"87.12,37384.55000000002,37471.67000000002"
Linn,S15514400011,85.92,"85.92,37471.67000000002,37557.59000000002"
Linn,S17749700008,85.92,"85.92,37557.59000000002,37643.51000000002"
Linn,S27639200004,81.6,"81.6,37643.51000000002,37725.110000000015"
Linn,S12253200013,80.28,"80.28,37725.110000000015,37805.390000000014"
Linn,S09979300008,79.08,"79.08,37805.390000000014,37884.470000000016"
Linn,S12911800041,76.44,"76.44,37884.470000000016,37960.91000000002"
Linn,S22021400005,76.2,"76.2,37960.91000000002,38037.110000000015"
Linn,S16402800001,75.06,"75.06,38037.110000000015,38112.17000000001"
Linn,S08091500020,74.7,"74.7,38112.17000000001,38186.87000000001"
Linn,S20005900078,74.4,"74.4,38186.87000000001,38261.27000000001"
Linn,S29353700118,74.28,"74.28,38261.27000000001,38335.55000000001"
Linn,S07023100004,74.16,"74.16,38335.55000000001,38409.710000000014"
Linn,S08262100013,73.74,"73.74,38409.710000000014,38483.45000000001"
Linn,S12395700129,73.56,"73.56,38483.45000000001,38557.01000000001"
Linn,S15355400025,72.36,"72.36,38557.01000000001,38629.37000000001"
Linn,S04919700001,72,"72,38629.37000000001,38701.37000000001"
Linn,S05511500026,70.56,"70.56,38701.37000000001,38771.93000000001"
Linn,S20882700056,70.56,"70.56,38771.93000000001,38842.490000000005"
Linn,S29123000026,69.6,"69.6,38842.490000000005,38912.090000000004"
Linn,S12489900014,68.22,"68.22,38912.090000000004,38980.310000000005"
Linn,S07285900038,67.14,"67.14,38980.310000000005,39047.450000000004"
Linn,S11212600005,67.14,"67.14,39047.450000000004,39114.590000000004"
Linn,S17904000009,67.14,"67.14,39114.590000000004,39181.73"
Linn,S06447000116,66.96,"66.96,39181.73,39248.69"
Linn,S04958400027,65.32,"65.32,39248.69,39314.01"
Linn,S17282000124,65.05,"65.05,39314.01,39379.060000000005"
Linn,S21502000007,64.8,"64.8,39379.060000000005,39443.86000000001"
Linn,S09641300040,64.74,"64.74,39443.86000000001,39508.600000000006"
Linn,S28663700043,64.56,"64.56,39508.600000000006,39573.16"
Linn,S24199900020,64.02,"64.02,39573.16,39637.18"
Linn,S28242200075,64.02,"64.02,39637.18,39701.2"
Linn,S28940700005,64.02,"64.02,39701.2,39765.219999999994"
Linn,S14396900081,63.9,"63.9,39765.219999999994,39829.119999999995"
Linn,S16318000105,63.72,"63.72,39829.119999999995,39892.84"
Linn,S07155300012,63.48,"63.48,39892.84,39956.32"
Linn,S26596100168,63,"63,39956.32,40019.32"
Linn,S24089000035,62.96,"62.96,40019.32,40082.28"
Linn,S27377000030,62.64,"62.64,40082.28,40144.92"
Linn,S08845700025,62.28,"62.28,40144.92,40207.2"
Linn,S15061300008,62.28,"62.28,40207.2,40269.479999999996"
Linn,S09981500067,60.72,"60.72,40269.479999999996,40330.2"
Linn,S13251700018,60.72,"60.72,40330.2,40390.92"
Linn,S20946800003,60.12,"60.12,40390.92,40451.04"
Linn,S14289000054,60,"60,40451.04,40511.04"
Linn,S10357600122,59.98,"59.98,40511.04,40571.020000000004"
Linn,S19817200105,59.96,"59.96,40571.020000000004,40630.98"
Linn,S05488400005,58.44,"58.44,40630.98,40689.420000000006"
Louisa,S16011400020,78.65,"78.65,0,78.65"
Louisa,S14094600022,63,"63,78.65,141.65"
Lucas,S27944500031,188.88,"188.88,0,188.88"
Lucas,S08473700006,185.76,"185.76,188.88,374.64"
Lucas,S10635400030,143.28,"143.28,374.64,517.92"
Lucas,S16356400016,125.88,"125.88,517.92,643.8"
Lucas,S26404400037,121.56,"121.56,643.8,765.3599999999999"
Lucas,S27545100031,106.56,"106.56,765.3599999999999,871.9199999999998"
Lucas,S15983300014,98.82,"98.82,871.9199999999998,970.7399999999998"
Lucas,S07203800013,80.94,"80.94,970.7399999999998,1051.6799999999998"
Lucas,S24735200005,63.36,"63.36,1051.6799999999998,1115.0399999999997"
Lyon,S23948400010,205.92,"205.92,0,205.92"
Lyon,S19577400002,121.56,"121.56,205.92,327.48"
Lyon,S25826700009,107.64,"107.64,327.48,435.12"
Lyon,S13727900013,78.75,"78.75,435.12,513.87"
Lyon,S28687600007,76.56,"76.56,513.87,590.4300000000001"
Lyon,S09062200018,72.24,"72.24,590.4300000000001,662.6700000000001"
Lyon,S21899400029,70.56,"70.56,662.6700000000001,733.23"