financials.Discount Band,financials.Country,financials.COGS,Sum(financials. Sales),Sum(financials.Profit),
High,United States of America,573500,1238760,91760,"91760,0,91760"
High,United States of America,873750,922680,48930,"48930,91760,140690"
High,United States of America,729820,884205,154385,"154385,140690,295075"
High,United States of America,748250,808110,59860,"59860,295075,354935"
High,United States of America,601380,728595,127215,"127215,354935,482150"
High,United States of America,643500,656370,12870,"12870,482150,495020"
High,United States of America,635250,655578,20328,"20328,495020,515348"
High,United States of America,615000,634680,19680,"19680,515348,535028"
High,United States of America,256360,607376,94656,"94656,535028,629684"
High,United States of America,521820,597082.5,75262.5,"75262.5,629684,704946.5"
High,United States of America,252500,521160,16160,"16160,704946.5,721106.5"
High,United States of America,413460,387618.75,-25841.25,"-25841.25,721106.5,695265.25"
High,United States of America,306020,354277,48257,"48257,695265.25,743522.25"
High,United States of America,341280,305730,-35550,"-35550,743522.25,707972.25"
High,United States of America,255450,299171.25,43721.25,"43721.25,707972.25,751693.5"
High,United States of America,286440,262570,-23870,"-23870,751693.5,727823.5"
High,United States of America,292560,259037.5,-33522.5,"-33522.5,727823.5,694301"
High,United States of America,216480,202950,-13530,"-13530,694301,680771"
High,United States of America,191520,179550,-11970,"-11970,680771,668801"
High,United States of America,70200,83160,12960,"12960,668801,681761"
High,United States of America,25670,66998.7,15658.699999999997,"15658.699999999997,681761,697419.7"
High,United States of America,69480,65137.5,-4342.5,"-4342.5,697419.7,693077.2"
High,United States of America,8742,60144.96,42660.96,"42660.96,693077.2,735738.1599999999"
High,United States of America,26410,45953.4,19543.4,"19543.4,735738.1599999999,755281.5599999999"
High,United States of America,31995,42713.325,10718.324999999999,"10718.324999999999,755281.5599999999,765999.8849999999"
High,United States of America,14980,36071.84,6111.8399999999965,"6111.8399999999965,765999.8849999999,772111.7249999999"
High,United States of America,25480,33633.6,8153.5999999999985,"8153.5999999999985,772111.7249999999,780265.3249999998"
High,United States of America,17430,29979.6,12549.599999999999,"12549.599999999999,780265.3249999998,792814.9249999998"
High,United States of America,17670,22794.3,5124.299999999999,"5124.299999999999,792814.9249999998,797939.2249999999"
High,United States of America,6045,20794.8,14749.8,"14749.8,797939.2249999999,812689.0249999999"
High,United States of America,2742,18645.6,13161.599999999999,"13161.599999999999,812689.0249999999,825850.6249999999"
High,United States of America,5418,18421.2,13003.2,"13003.2,825850.6249999999,838853.8249999998"
High,United States of America,11640,14666.4,3026.3999999999996,"3026.3999999999996,838853.8249999998,841880.2249999999"
High,United States of America,7900,10665,2765,"2765,841880.2249999999,844645.2249999999"
High,United States of America,6060,10423.2,4363.200000000001,"4363.200000000001,844645.2249999999,849008.4249999998"
High,United States of America,7895,9837.17,1942.17,"1942.17,849008.4249999998,850950.5949999999"
High,United States of America,2670,9078,3738,"3738,850950.5949999999,854688.5949999999"
High,United States of America,6770,8936.4,2166.3999999999996,"2166.3999999999996,854688.5949999999,856854.9949999999"
High,United States of America,7192.5,8760.465,1567.9649999999992,"1567.9649999999992,856854.9949999999,858422.9599999998"
High,United States of America,1158,8337.6,6021.6,"6021.6,858422.9599999998,864444.5599999998"
High,United States of America,6490,7904.82,1414.8199999999997,"1414.8199999999997,864444.5599999998,865859.3799999998"
High,United States of America,1900,2367.4,467.4000000000001,"467.4000000000001,865859.3799999998,866326.7799999998"
High,Canada,17430,44969.4,10109.400000000001,"10109.400000000001,1527490.2799999998,1537599.6799999997"
High,Canada,684320,1602888,234248,"234248,866326.7799999998,1100574.7799999998"
High,Canada,374000,771936,23936,"23936,1100574.7799999998,1124510.7799999998"
High,Canada,582400,705600,123200,"123200,1124510.7799999998,1247710.7799999998"
High,Canada,579150,670477.5,91327.5,"91327.5,1247710.7799999998,1339038.2799999998"
High,Canada,547170,655551.75,108381.75,"108381.75,1339038.2799999998,1447420.0299999998"
High,Canada,341500,364722,23222,"23222,1447420.0299999998,1470642.0299999998"
High,Canada,189960,344302.5,-35617.5,"-35617.5,1470642.0299999998,1435024.5299999998"
High,Canada,354480,313862.5,-40617.5,"-40617.5,1435024.5299999998,1394407.0299999998"
High,Canada,303480,284512.5,-18967.5,"-18967.5,1394407.0299999998,1375439.5299999998"
High,Canada,239980,281053.5,41073.5,"41073.5,1375439.5299999998,1416513.0299999998"
High,Canada,289920,265760,-24160,"-24160,1416513.0299999998,1392353.0299999998"
High,Canada,218250,233091,14841,"14841,1392353.0299999998,1407194.0299999998"
High,Canada,222000,229104,7104,"7104,1407194.0299999998,1414298.0299999998"
High,Canada,183820,222705,38885,"38885,1414298.0299999998,1453183.0299999998"
High,Canada,229920,215550,-14370,"-14370,1453183.0299999998,1438813.0299999998"
High,Canada,182000,210700,28700,"28700,1438813.0299999998,1467513.0299999998"
High,Canada,161980,191884,29904,"29904,1467513.0299999998,1497417.0299999998"
High,Canada,199080,180416.25,-18663.75,"-18663.75,1497417.0299999998,1478753.2799999998"
High,Canada,67250,138804,4304,"4304,1478753.2799999998,1483057.2799999998"
High,Canada,52000,60200,8200,"8200,1483057.2799999998,1491257.2799999998"
High,Canada,23000,59340,13340,"13340,1491257.2799999998,1504597.2799999998"
High,Canada,29350,52243,22893,"22893,1504597.2799999998,1527490.2799999998"
High,Canada,12490,43465.2,18485.199999999997,"18485.199999999997,1537599.6799999997,1556084.8799999997"
High,Canada,12078,42997.68,30919.68,"30919.68,1556084.8799999997,1587004.5599999996"
High,Canada,23940,42613.2,18673.199999999997,"18673.199999999997,1587004.5599999996,1605677.7599999995"
High,Canada,24280,41761.6,17481.6,"17481.6,1605677.7599999995,1623159.3599999996"
High,Canada,15650,40846.5,9546.5,"9546.5,1623159.3599999996,1632705.8599999996"
High,Canada,10561.5,38021.399999999994,27459.899999999998,"27459.899999999998,1632705.8599999996,1660165.7599999995"
High,Canada,26890,35494.8,8604.800000000003,"8604.800000000003,1660165.7599999995,1668770.5599999996"
High,Canada,13670,33682.88,6342.879999999997,"6342.879999999997,1668770.5599999996,1675113.4399999995"
High,Canada,25590,32627.25,7037.25,"7037.25,1675113.4399999995,1682150.6899999995"
High,Canada,24700,31863,7163,"7163,1682150.6899999995,1689313.6899999995"
High,Canada,8283,29156.16,20873.16,"20873.16,1689313.6899999995,1710186.8499999994"
High,Canada,6666,22931.04,16265.04,"16265.04,1710186.8499999994,1726451.8899999994"
High,Canada,6327,22271.04,15944.04,"15944.04,1726451.8899999994,1742395.9299999995"
High,Canada,15600,20826,5226,"5226,1742395.9299999995,1747621.9299999995"
High,Canada,5811,20687.16,14876.16,"14876.16,1747621.9299999995,1762498.0899999994"
High,Canada,16140,20578.5,4438.5,"4438.5,1762498.0899999994,1766936.5899999994"
High,Canada,8655,14713.5,6058.5,"6058.5,1766936.5899999994,1772995.0899999994"
High,Canada,9040,11263.84,2223.84,"2223.84,1772995.0899999994,1775218.9299999995"
High,Canada,3840,5126.4,1286.3999999999999,"1286.3999999999999,1775218.9299999995,1776505.3299999994"
High,Canada,3615,4301.85,686.8500000000001,"686.8500000000001,1776505.3299999994,1777192.1799999995"
High,Canada,1940,2335.76,395.7600000000002,"395.7600000000002,1777192.1799999995,1777587.9399999995"
High,France,79560,70443.75,-9116.25,"-9116.25,2092842.69,2083726.44"
High,France,8655,20841.239999999998,3531.239999999998,"3531.239999999998,2281944.6949999994,2285475.9349999996"
High,France,618750,631125,12375,"12375,1777587.94,1789962.94"
High,France,499720,578522,78802,"78802,1789962.94,1868764.94"
High,France,465400,545055,79655,"79655,1868764.94,1948419.94"
High,France,292920,543122.5,-42717.5,"-42717.5,1948419.94,1905702.44"
High,France,414440,490952,76512,"76512,1905702.44,1982214.44"
High,France,443250,468072,24822,"24822,1982214.44,2007036.44"
High,France,213250,460620,34120,"34120,2007036.44,2041156.44"
High,France,333060,385581,52521,"52521,2041156.44,2093677.44"
High,France,296500,313104,16604,"16604,2093677.44,2110281.44"
High,France,166140,201285,35145,"35145,2110281.44,2145426.44"
High,France,177840,166725,-11115,"-11115,2145426.44,2134311.44"
High,France,171960,159421.25,-12538.75,"-12538.75,2134311.44,2121772.69"
High,France,140880,124737.5,-16142.5,"-16142.5,2121772.69,2105630.19"
High,France,122760,109972.5,-12787.5,"-12787.5,2105630.19,2092842.69"
High,France,21670,58509,15169,"15169,2083726.44,2098895.44"
High,France,20720,55944,14504,"14504,2098895.44,2113399.44"
High,France,39975,52167.375,12192.375,"12192.375,2113399.44,2125591.815"
High,France,38745,51143.399999999994,12398.399999999998,"12398.399999999998,2125591.815,2137990.215"
High,France,28050,49929,21879,"21879,2137990.215,2159869.215"
High,France,25215,44378.399999999994,19163.399999999998,"19163.399999999998,2159869.215,2179032.6149999998"
High,France,28260,36031.5,7771.5,"7771.5,2179032.6149999998,2186804.1149999998"
High,France,19540,35172,15632,"15632,2186804.1149999998,2202436.1149999998"
High,France,4179,28751.52,20393.52,"20393.52,2202436.1149999998,2222829.635"
High,France,7276.5,25904.340000000004,18627.840000000004,"18627.840000000004,2222829.635,2241457.4749999996"
High,France,3594,25589.28,18401.28,"18401.28,2241457.4749999996,2259858.7549999994"
High,France,7425,25542,18117,"18117,2259858.7549999994,2277975.7549999994"
High,France,17107.5,21076.44,3968.9399999999987,"3968.9399999999987,2277975.7549999994,2281944.6949999994"
High,France,5202,18519.12,13317.119999999999,"13317.119999999999,2285475.9349999996,2298793.0549999997"
High,France,13480,16418.64,2938.6399999999994,"2938.6399999999994,2298793.0549999997,2301731.695"
High,France,12660,15774.36,3114.3599999999997,"3114.3599999999997,2301731.695,2304846.0549999997"
High,France,5950,14494.2,2594.2000000000007,"2594.2000000000007,2304846.0549999997,2307440.255"
High,France,2930,9962,4102,"4102,2307440.255,2311542.255"
High,France,7455,9184.56,1729.5599999999995,"1729.5599999999995,2311542.255,2313271.815"
High,France,1465,1763.8600000000001,298.8600000000001,"298.8600000000001,2313271.815,2313570.675"
High,Germany,702750,750537,47787,"47787,2313570.675,2361357.675"
High,Germany,634000,654288,20288,"20288,2361357.675,2381645.675"
High,Germany,486200,589050,102850,"102850,2381645.675,2484495.675"
High,Germany,311740,360899,49159,"49159,2484495.675,2533654.675"
High,Germany,339750,358776,19026,"19026,2533654.675,2552680.675"
High,Germany,379800,352106.25,-27693.75,"-27693.75,2552680.675,2524986.925"
High,Germany,332040,293993.75,-38046.25,"-38046.25,2524986.925,2486940.675"
High,Germany,205920,246708,40788,"40788,2486940.675,2527728.675"
High,Germany,199160,238609,39449,"39449,2527728.675,2567177.675"
High,Germany,130200,230562.5,-29837.5,"-29837.5,2567177.675,2537340.175"
High,Germany,201750,210627,8877,"8877,2537340.175,2546217.175"
High,Germany,92820,108706.5,15886.5,"15886.5,2546217.175,2562103.675"
High,Germany,29920,106515.2,46675.2,"46675.2,2562103.675,2608778.875"
High,Germany,66240,58650,-7590,"-7590,2608778.875,2601188.875"
High,Germany,15310,53891.2,23271.199999999997,"23271.199999999997,2601188.875,2624460.075"
High,Germany,27080,47119.2,20039.199999999997,"20039.199999999997,2624460.075,2644499.2750000004"
High,Germany,11750,29962.5,6462.5,"6462.5,2644499.2750000004,2650961.7750000004"
High,Germany,7722,27799.2,20077.2,"20077.2,2650961.7750000004,2671038.9750000006"
High,Germany,3039,21151.44,15073.439999999999,"15073.439999999999,2671038.9750000006,2686112.4150000005"
High,Germany,11580,19686,8106,"8106,2686112.4150000005,2694218.4150000005"
High,Germany,15130,19517.7,4387.700000000001,"4387.700000000001,2694218.4150000005,2698606.1150000007"
High,Germany,5310,18478.8,13168.8,"13168.8,2698606.1150000007,2711774.9150000005"
High,Germany,13325,16789.5,3464.5,"3464.5,2711774.9150000005,2715239.4150000005"
High,Germany,1416,10081.92,7249.92,"7249.92,2715239.4150000005,2722489.3350000004"
High,Germany,6810,9193.5,2383.5,"2383.5,2722489.3350000004,2724872.8350000004"
High,Germany,2410,8676,3856,"3856,2724872.8350000004,2728728.8350000004"
High,Germany,6600,8613,2013,"2013,2728728.8350000004,2730741.8350000004"
High,Germany,4420,7690.8,3270.8,"3270.8,2730741.8350000004,2734012.6350000002"
High,Germany,5100,6885,1785,"1785,2734012.6350000002,2735797.6350000002"
High,Germany,4920,6273,1353,"1353,2735797.6350000002,2737150.6350000002"
High,Germany,2780,3586.2,806.1999999999998,"806.1999999999998,2737150.6350000002,2737956.8350000004"
High,Germany,1400,3371.2,571.1999999999998,"571.1999999999998,2737956.8350000004,2738528.0350000006"
High,Mexico,338520,303257.5,-35262.5,"-35262.5,3151210.0349999997,3115947.5349999997"
High,Mexico,741260,848172.5,106912.5,"106912.5,2738528.0349999997,2845440.5349999997"
High,Mexico,651250,679905,28655,"28655,2845440.5349999997,2874095.5349999997"
High,Mexico,559260,639922.5,80662.5,"80662.5,2874095.5349999997,2954758.0349999997"
High,Mexico,537500,567600,30100,"30100,2954758.0349999997,2984858.0349999997"
High,Mexico,230360,545776,85056,"85056,2984858.0349999997,3069914.0349999997"
High,Mexico,258720,474320,-43120,"-43120,3069914.0349999997,3026794.0349999997"
High,Mexico,362700,429660,66960,"66960,3026794.0349999997,3093754.0349999997"
High,Mexico,311220,368676,57456,"57456,3093754.0349999997,3151210.0349999997"
High,Mexico,136500,278460,5460,"5460,3115947.5349999997,3121407.5349999997"
High,Mexico,89440,214312,35432,"35432,3121407.5349999997,3156839.5349999997"
High,Mexico,200250,206658,6408,"6408,3156839.5349999997,3163247.5349999997"
High,Mexico,189000,169312.5,-19687.5,"-19687.5,3163247.5349999997,3143560.0349999997"
High,Mexico,147750,159570,11820,"11820,3143560.0349999997,3155380.0349999997"
High,Mexico,108000,116640,8640,"8640,3155380.0349999997,3164020.0349999997"
High,Mexico,113640,105353.75,-8286.25,"-8286.25,3164020.0349999997,3155733.7849999997"
High,Mexico,66480,61632.5,-4847.5,"-4847.5,3155733.7849999997,3150886.2849999997"
High,Mexico,17150,60368,26068,"26068,3150886.2849999997,3176954.2849999997"
High,Mexico,21570,57591.9,14451.900000000001,"14451.900000000001,3176954.2849999997,3191406.1849999996"
High,Mexico,26290,46796.2,20506.199999999997,"20506.199999999997,3191406.1849999996,3211912.385"
High,Mexico,25790,44358.8,18568.800000000003,"18568.800000000003,3211912.385,3230481.1849999996"
High,Mexico,12330,43401.6,18741.6,"18741.6,3230481.1849999996,3249222.7849999997"
High,Mexico,22550,39237,16687,"16687,3249222.7849999997,3265909.7849999997"
High,Mexico,40920,38362.5,-2557.5,"-2557.5,3265909.7849999997,3263352.2849999997"
High,Mexico,20390,36702,16312,"16312,3263352.2849999997,3279664.2849999997"
High,Mexico,9050,31856,13756,"13756,3279664.2849999997,3293420.2849999997"
High,Mexico,7983,28100.16,20117.16,"20117.16,3293420.2849999997,3313537.445"
High,Mexico,19840,26486.4,6646.4000000000015,"6646.4000000000015,3313537.445,3320183.8449999997"
High,Mexico,18700,24123,5423,"5423,3320183.8449999997,3325606.8449999997"
High,Mexico,8635,20793.08,3523.0800000000017,"3523.0800000000017,3325606.8449999997,3329129.925"
High,Mexico,11220,19971.6,8751.599999999999,"8751.599999999999,3329129.925,3337881.525"
High,Mexico,14515,17476.06,2961.0600000000013,"2961.0600000000013,3337881.525,3340842.585"
High,Mexico,13530,16858.38,3328.380000000001,"3328.380000000001,3340842.585,3344170.965"
High,Mexico,12675,15083.25,2408.25,"2408.25,3344170.965,3346579.215"
High,Mexico,12100,14907.2,2807.2000000000007,"2807.2000000000007,3346579.215,3349386.415"
High,Mexico,1812,12611.52,8987.52,"8987.52,3349386.415,3358373.935"
High,Mexico,3015,10733.4,7718.4,"7718.4,3358373.935,3366092.335"
High,Mexico,6550,8744.25,2194.25,"2194.25,3366092.335,3368286.585"
High,Mexico,6410,8653.5,2243.5,"2243.5,3368286.585,3370530.085"
High,Mexico,1230,8560.8,6100.799999999999,"6100.799999999999,3370530.085,3376630.885"
High,Mexico,6840,8139.6,1299.6000000000004,"1299.6000000000004,3376630.885,3377930.485"
High,Mexico,1713,5961.24,4248.24,"4248.24,3377930.485,3382178.725"
High,Mexico,1500,5100,3600,"3600,3382178.725,3385778.725"
High,Mexico,3800,5016,1216,"1216,3385778.725,3386994.725"
High,Mexico,2600,4472,1872,"1872,3386994.725,3388866.725"
Low,United States of America,897000,1159200,262200,"262200,0,262200"
Low,United States of America,726250,862785,136535,"136535,262200,398735"
Low,United States of America,729500,840384,110884,"110884,398735,509619"
Low,United States of America,711000,827604,116604,"116604,509619,626223"
Low,United States of America,624500,741906,117406,"117406,626223,743629"
Low,United States of America,575250,683397,108147,"108147,743629,851776"
Low,United States of America,71240,184128,41648,"41648,851776,893424"
Low,United States of America,87240,179932.5,5452.5,"5452.5,893424,898876.5"
Low,United States of America,79560,164092.5,4972.5,"4972.5,898876.5,903849"
Low,United States of America,90740,117264,26524,"26524,903849,930373"
Low,United States of America,69160,91238,22078,"22078,930373,952451"
Low,United States of America,15660,61387.2,30067.199999999997,"30067.199999999997,952451,982518.2"
Low,United States of America,39600,40837.5,1237.5,"1237.5,982518.2,983755.7"
Low,United States of America,22462.5,31133.024999999998,8670.524999999998,"8670.524999999998,983755.7,992426.225"
Low,United States of America,19250,28297.5,9047.5,"9047.5,992426.225,1001473.725"
Low,United States of America,3426,26859.84,20007.84,"20007.84,1001473.725,1021481.565"
Low,United States of America,12360,24225.6,11865.599999999999,"11865.599999999999,1021481.565,1033347.1649999999"
Low,United States of America,5967,23629.32,17662.32,"17662.32,1033347.1649999999,1051009.4849999999"
Low,United States of America,5841,22663.08,16822.08,"16822.08,1051009.4849999999,1067831.565"
Low,United States of America,15140,22482.9,7342.9000000000015,"7342.9000000000015,1067831.565,1075174.4649999999"
Low,United States of America,5574,22073.04,16499.04,"16499.04,1075174.4649999999,1091673.505"
Low,United States of America,10560,20275.2,9715.2,"9715.2,1091673.505,1101388.7049999998"
Low,United States of America,6710,19324.8,5904.799999999999,"5904.799999999999,1101388.7049999998,1107293.505"
Low,United States of America,12645,17525.97,4880.969999999999,"4880.969999999999,1107293.505,1112174.4749999999"
Low,United States of America,4395,16876.8,12481.8,"12481.8,1112174.4749999999,1124656.275"
Low,United States of America,4108.5,15940.98,11832.48,"11832.48,1124656.275,1136488.755"
Low,United States of America,7360,14131.2,6771.200000000001,"6771.200000000001,1136488.755,1143259.9549999998"
Low,United States of America,10065,13809.18,3744.1800000000003,"3744.1800000000003,1143259.9549999998,1147004.1349999998"
Low,Canada,741520,1956472,473432,"473432,1147004.1349999998,1620436.1349999998"
Low,Canada,479000,1126608,168608,"168608,1620436.1349999998,1789044.1349999998"
Low,Canada,327480,668605,13645,"13645,1789044.1349999998,1802689.1349999998"
Low,Canada,462280,597408,135128,"135128,1802689.1349999998,1937817.1349999998"
Low,Canada,468500,545334,76834,"76834,1937817.1349999998,2014651.1349999998"
Low,Canada,241080,487182.5,5022.5,"5022.5,2014651.1349999998,2019673.6349999998"
Low,Canada,245310,326922.75,81612.75,"81612.75,2019673.6349999998,2101286.385"
Low,Canada,212880,215097.5,2217.5,"2217.5,2101286.385,2103503.885"
Low,Canada,110760,114221.25,3461.25,"3461.25,2103503.885,2106965.135"
Low,Canada,89100,90956.25,1856.25,"1856.25,2106965.135,2108821.385"
Low,Canada,38505,74699.70000000001,36194.700000000004,"36194.700000000004,2108821.385,2145016.085"
Low,Canada,26460,50803.2,24343.199999999997,"24343.199999999997,2145016.085,2169359.285"
Low,Canada,20740,39820.8,19080.800000000003,"19080.800000000003,2169359.285,2188440.085"
Low,Canada,14255,38317.44,9807.440000000002,"9807.440000000002,2188440.085,2198247.525"
Low,Canada,23630,34736.1,11106.099999999999,"11106.099999999999,2198247.525,2209353.625"
Low,Canada,3885,30458.4,22688.4,"22688.4,2209353.625,2232042.025"
Low,Canada,21255,28566.72,7311.719999999999,"7311.719999999999,2232042.025,2239353.745"
Low,Canada,19670,28324.8,8654.8,"8654.8,2239353.745,2248008.545"
Low,Canada,4335,17166.6,12831.599999999999,"12831.599999999999,2248008.545,2260840.145"
Low,Canada,8310,16121.4,7811.4,"7811.4,2260840.145,2268651.545"
Low,Canada,10460,14497.56,4037.5599999999995,"4037.5599999999995,2268651.545,2272689.105"
Low,Canada,9150,12681.9,3531.8999999999996,"3531.8999999999996,2272689.105,2276221.005"
Low,Canada,2724,10569.12,7845.120000000001,"7845.120000000001,2276221.005,2284066.125"
Low,Canada,6630,9189.18,2559.1800000000003,"2559.1800000000003,2284066.125,2286625.305"
Low,Canada,2180,3139.2,959.1999999999998,"959.1999999999998,2286625.305,2287584.5050000004"
Low,France,560300,1493415,372815,"372815,2287584.505,2660399.505"
Low,France,566020,1462944,330904,"330904,2660399.505,2991303.505"
Low,France,608625,708439.5,99814.5,"99814.5,2991303.505,3091118.005"
Low,France,509220,514524.375,5304.375,"5304.375,3091118.005,3096422.38"
Low,France,358560,358560,0,"0,3096422.38,3096422.38"
Low,France,154440,312097.5,3217.5,"3217.5,3096422.38,3099639.88"
Low,France,229500,269892,40392,"40392,3099639.88,3140031.88"
Low,France,209280,215820,6540,"6540,3140031.88,3146571.88"
Low,France,94440,194782.5,5902.5,"5902.5,3146571.88,3152474.38"
Low,France,38640,76507.20000000001,37867.200000000004,"37867.200000000004,3152474.38,3190341.58"
Low,France,5703,44255.28,32849.28,"32849.28,3190341.58,3223190.86"
Low,France,22960,34095.6,11135.599999999999,"11135.599999999999,3223190.86,3234326.46"
Low,France,22610,32558.4,9948.400000000001,"9948.400000000001,3234326.46,3244274.86"
Low,France,8013,31731.48,23718.48,"23718.48,3244274.86,3267993.34"
Low,France,19725,27338.850000000002,7613.850000000002,"7613.850000000002,3267993.34,3275607.19"
Low,France,13755,27234.899999999998,13479.899999999998,"13479.899999999998,3275607.19,3289087.09"
Low,France,3165,24813.6,18483.6,"18483.6,3289087.09,3307570.69"
Low,France,5355,20991.6,15636.599999999999,"15636.599999999999,3307570.69,3323207.29"
Low,France,9410,18443.6,9033.599999999999,"9033.599999999999,3323207.29,3332240.89"
Low,France,10725,14714.7,3989.7000000000007,"3989.7000000000007,3332240.89,3336230.5900000003"
Low,France,2598,9976.32,7378.32,"7378.32,3336230.5900000003,3343608.91"
Low,France,5150,7137.9,1987.8999999999996,"1987.8999999999996,3343608.91,3345596.81"
Low,France,3210,4766.85,1556.8500000000004,"1556.8500000000004,3345596.81,3347153.66"
Low,France,3195,4428.27,1233.2700000000004,"1233.2700000000004,3347153.66,3348386.93"
Low,France,2720,3693.76,973.7600000000002,"973.7600000000002,3348386.93,3349360.69"
Low,Germany,1315,1822.59,507.5899999999999,"507.5899999999999,5196208.180000001,5196715.7700000005"
Low,Germany,771160,2034676,492356,"492356,3349360.6900000004,3841716.6900000004"
Low,Germany,748020,1973622,477582,"477582,3841716.6900000004,4319298.69"
Low,Germany,505250,1164096,153596,"153596,4319298.69,4472894.69"
Low,Germany,495820,640752,144932,"144932,4472894.69,4617826.69"
Low,Germany,467220,610081.5,142861.5,"142861.5,4617826.69,4760688.19"
Low,Germany,464750,535392,70642,"70642,4760688.19,4831330.19"
Low,Germany,432000,508032,76032,"76032,4831330.19,4907362.19"
Low,Germany,204720,413705,4265,"4265,4907362.19,4911627.19"
Low,Germany,353625,407376,53751,"53751,4911627.19,4965378.19"
Low,Germany,172250,400998,56498,"56498,4965378.19,5021876.19"
Low,Germany,188400,380725,3925,"3925,5021876.19,5025801.19"
Low,Germany,246500,292842,46342,"46342,5025801.19,5072143.19"
Low,Germany,273120,278810,5690,"5690,5072143.19,5077833.19"
Low,Germany,97080,198205,4045,"4045,5077833.19,5081878.19"
Low,Germany,53500,125832,18832,"18832,5081878.19,5100710.19"
Low,Germany,95400,95400,0,"0,5100710.19,5100710.19"
Low,Germany,64750,76146,11396,"11396,5100710.19,5112106.19"
Low,Germany,19450,56599.5,17699.5,"17699.5,5112106.19,5129805.69"
Low,Germany,25800,50052,24252,"24252,5129805.69,5154057.69"
Low,Germany,7437,28855.56,21418.56,"21418.56,5154057.69,5175476.25"
Low,Germany,2298,18200.16,13604.16,"13604.16,5175476.25,5189080.41"
Low,Germany,9790,13294.82,3504.8199999999997,"3504.8199999999997,5189080.41,5192585.23"
Low,Germany,7470,11092.95,3622.9500000000007,"3622.9500000000007,5192585.23,5196208.180000001"
Low,Mexico,15140,43603.2,13323.199999999997,"13323.199999999997,6114134.819999999,6127458.02"
Low,Mexico,363220,968121,241681,"241681,5196715.77,5438396.77"
Low,Mexico,504400,665420,161020,"161020,5438396.77,5599416.77"
Low,Mexico,484900,626640,141740,"141740,5599416.77,5741156.77"
Low,Mexico,426920,557459,130539,"130539,5741156.77,5871695.77"
Low,Mexico,257400,525525,10725,"10725,5871695.77,5882420.77"
Low,Mexico,314600,419265,104665,"104665,5882420.77,5987085.77"
Low,Mexico,275250,323694,48444,"48444,5987085.77,6035529.77"
Low,Mexico,123500,293436,46436,"46436,6035529.77,6081965.77"
Low,Mexico,136560,273120,0,"0,6081965.77,6081965.77"
Low,Mexico,218760,225596.25,6836.25,"6836.25,6081965.77,6088802.02"
Low,Mexico,199200,203350,4150,"4150,6088802.02,6092952.02"
Low,Mexico,79440,162190,3310,"3310,6092952.02,6096262.02"
Low,Mexico,128880,128880,0,"0,6096262.02,6096262.02"
Low,Mexico,20310,58492.8,17872.800000000003,"17872.800000000003,6096262.02,6114134.819999999"
Low,Mexico,22140,32877.9,10737.900000000001,"10737.900000000001,6127458.02,6138195.92"
Low,Mexico,3252,25495.68,18991.68,"18991.68,6138195.92,6157187.6"
Low,Mexico,5748,22302.24,16554.24,"16554.24,6157187.6,6173741.84"
Low,Mexico,8800,11950.4,3150.3999999999996,"3150.3999999999996,6173741.84,6176892.24"
Low,Mexico,5440,10662.4,5222.4,"5222.4,6176892.24,6182114.640000001"
Low,Mexico,2070,8114.4,6044.4,"6044.4,6182114.640000001,6188159.040000001"
Low,Mexico,1810,2508.66,698.6599999999999,"698.6599999999999,6188159.040000001,6188857.700000001"
Medium,United States of America,343000,765576,79576,"79576,1954156.3699999996,2033732.3699999996"
Medium,United States of America,538460,659613.5,121153.5,"121153.5,2033732.3699999996,2154885.8699999996"
Medium,United States of America,335640,636317.5,-34962.5,"-34962.5,2154885.8699999996,2119923.3699999996"
Medium,United States of America,457860,573205.5,115345.5,"115345.5,2119923.3699999996,2235268.8699999996"
Medium,United States of America,247750,564870,69370,"69370,2235268.8699999996,2304638.8699999996"
Medium,United States of America,466750,509691,42941,"42941,2304638.8699999996,2347579.8699999996"
Medium,United States of America,189020,478366,100326,"100326,2347579.8699999996,2447905.8699999996"
Medium,United States of America,435240,430706.25,-4533.75,"-4533.75,2447905.8699999996,2443372.1199999996"
Medium,United States of America,351390,430452.75,79062.75,"79062.75,2443372.1199999996,2522434.8699999996"
Medium,United States of America,156520,400330,87290,"87290,2522434.8699999996,2609724.8699999996"
Medium,United States of America,359040,355300,-3740,"-3740,2609724.8699999996,2605984.8699999996"
Medium,United States of America,330600,323712.5,-6887.5,"-6887.5,2605984.8699999996,2599097.3699999996"
Medium,United States of America,202000,223008,21008,"21008,2599097.3699999996,2620105.3699999996"
Medium,United States of America,103320,204487.5,-2152.5,"-2152.5,2620105.3699999996,2617952.8699999996"
Medium,United States of America,26630,101194,47934,"47934,2617952.8699999996,2665886.8699999996"
Medium,United States of America,28320,53808,25488,"25488,2665886.8699999996,2691374.8699999996"
Medium,United States of America,36750,50163.75,13413.75,"13413.75,2691374.8699999996,2704788.6199999996"
Medium,United States of America,12820,47177.6,21537.6,"21537.6,2704788.6199999996,2726326.2199999997"
Medium,United States of America,29310,40887.45,11577.449999999997,"11577.449999999997,2726326.2199999997,2737903.67"
Medium,United States of America,14535,37442.16,8372.160000000003,"8372.160000000003,2737903.67,2746275.83"
Medium,United States of America,11530,32514.6,9454.599999999999,"9454.599999999999,2746275.83,2755730.43"
Medium,United States of America,21980,30991.8,9011.8,"9011.8,2755730.43,2764742.23"
Medium,United States of America,8169,30715.44,22546.44,"22546.44,2764742.23,2787288.67"
Medium,United States of America,20300,28623,8323,"8323,2787288.67,2795611.67"
Medium,United States of America,14210,26430.6,12220.599999999999,"12220.599999999999,2795611.67,2807832.27"
Medium,United States of America,12650,24035,11385,"11385,2807832.27,2819217.27"
Medium,United States of America,5868,21359.52,15491.52,"15491.52,2819217.27,2834708.79"
Medium,United States of America,11175,21009,9834,"9834,2834708.79,2844542.79"
Medium,United States of America,9730,17708.6,7978.5999999999985,"7978.5999999999985,2844542.79,2852521.39"
Medium,United States of America,11635,15474.55,3839.5499999999993,"3839.5499999999993,2852521.39,2856360.94"
Medium,United States of America,4365,8031.599999999999,3666.5999999999995,"3666.5999999999995,2856360.94,2860027.54"
Medium,United States of America,5550,7908.75,2358.75,"2358.75,2860027.54,2862386.29"
Medium,United States of America,2850,7581,1881,"1881,2862386.29,2864267.29"
Medium,United States of America,3390,4366.32,976.3199999999997,"976.3199999999997,2864267.29,2865243.61"
Medium,United States of America,2735,3560.9700000000003,825.9700000000003,"825.9700000000003,2865243.61,2866069.58"
Medium,United States of America,1315,1730.54,415.53999999999996,"415.53999999999996,2866069.58,2866485.12"
Medium,Canada,950625,1038082.5,87457.5,"87457.5,2866485.1199999996,2953942.6199999996"
Medium,Canada,948375,1035625.5,87250.5,"87250.5,2953942.6199999996,3041193.1199999996"
Medium,Canada,319280,816620,178060,"178060,3041193.1199999996,3219253.1199999996"
Medium,Canada,329940,808353,148473,"148473,3219253.1199999996,3367726.1199999996"
Medium,Canada,609000,686952,77952,"77952,3367726.1199999996,3445678.1199999996"
Medium,Canada,273500,597324,50324,"50324,3445678.1199999996,3496002.1199999996"
Medium,Canada,533500,588984,55484,"55484,3496002.1199999996,3551486.1199999996"
Medium,Canada,425500,474858,49358,"49358,3551486.1199999996,3600844.1199999996"
Medium,Canada,351000,391716,40716,"40716,3600844.1199999996,3641560.1199999996"
Medium,Canada,320750,354108,33358,"33358,3641560.1199999996,3674918.1199999996"
Medium,Canada,197400,191231.25,-6168.75,"-6168.75,3674918.1199999996,3668749.3699999996"
Medium,Canada,143520,183540,40020,"40020,3668749.3699999996,3708769.3699999996"
Medium,Canada,114240,111860,-2380,"-2380,3708769.3699999996,3706389.3699999996"
Medium,Canada,28440,80200.8,23320.800000000003,"23320.800000000003,3706389.3699999996,3729710.1699999995"
Medium,Canada,68040,64496.25,-3543.75,"-3543.75,3729710.1699999995,3726166.4199999995"
Medium,Canada,7293,55426.8,40840.8,"40840.8,3726166.4199999995,3767007.2199999993"
Medium,Canada,13890,52782,25002,"25002,3767007.2199999993,3792009.2199999993"
Medium,Canada,6897,51865.44,38071.44,"38071.44,3792009.2199999993,3830080.659999999"
Medium,Canada,9733.5,36208.62,26475.120000000003,"26475.120000000003,3830080.659999999,3856555.7799999993"
Medium,Canada,18020,34238,16218,"16218,3856555.7799999993,3872773.7799999993"
Medium,Canada,7080,26054.4,11894.400000000001,"11894.400000000001,3872773.7799999993,3884668.1799999992"
Medium,Canada,6963,25345.32,18382.32,"18382.32,3884668.1799999992,3903050.499999999"
Medium,Canada,16305,22256.324999999997,5951.324999999999,"5951.324999999999,3903050.499999999,3909001.8249999993"
Medium,Canada,5652,21025.44,15373.439999999999,"15373.439999999999,3909001.8249999993,3924375.264999999"
Medium,Canada,11180,20794.8,9614.8,"9614.8,3924375.264999999,3933990.064999999"
Medium,Canada,7910,20597.64,4777.639999999999,"4777.639999999999,3933990.064999999,3938767.704999999"
Medium,Canada,12620,17604.9,4984.9000000000015,"4984.9000000000015,3938767.704999999,3943752.604999999"
Medium,Canada,11745,15620.85,3875.8500000000004,"3875.8500000000004,3943752.604999999,3947628.454999999"
Medium,Canada,5675,14777.7,3427.7000000000007,"3427.7000000000007,3947628.454999999,3951056.1549999993"
Medium,Canada,8055,10262.07,2207.0699999999997,"2207.0699999999997,3951056.1549999993,3953263.224999999"
Medium,Canada,1794,6601.92,4807.92,"4807.92,3953263.224999999,3958071.144999999"
Medium,Canada,4095,5217.03,1122.03,"1122.03,3958071.144999999,3959193.174999999"
Medium,Canada,2440,3142.7200000000003,702.7200000000003,"702.7200000000003,3959193.174999999,3959895.894999999"
Medium,Canada,1285,1655.08,370.0799999999999,"370.0799999999999,3959895.894999999,3960265.974999999"
Medium,France,539760,1366008,286488,"286488,3960265.975,4246753.975"
Medium,France,545250,1216998,126498,"126498,4246753.975,4373251.975"
Medium,France,388960,984368,206448,"206448,4373251.975,4579699.975"
Medium,France,747760,936138,188378,"188378,4579699.975,4768077.975"
Medium,France,305250,688644,78144,"78144,4768077.975,4846221.975"
Medium,France,433160,530621,97461,"97461,4846221.975,4943682.975"
Medium,France,414750,462861,48111,"48111,4943682.975,4991793.975"
Medium,France,359970,460346.25,100376.25,"100376.25,4991793.975,5092170.225"
Medium,France,390500,431112,40612,"40612,5092170.225,5132782.225"
Medium,France,331000,361452,30452,"30452,5132782.225,5163234.225"
Medium,France,286200,283218.75,-2981.25,"-2981.25,5163234.225,5160252.975"
Medium,France,239750,267561,27811,"27811,5160252.975,5188063.975"
Medium,France,112000,249984,25984,"25984,5188063.975,5214047.975"
Medium,France,238500,233531.25,-4968.75,"-4968.75,5214047.975,5209079.225"
Medium,France,222840,211233.75,-11606.25,"-11606.25,5209079.225,5197472.975"
Medium,France,149370,184989,35619,"35619,5197472.975,5233091.975"
Medium,France,84480,167200,-1760,"-1760,5233091.975,5231331.975"
Medium,France,99060,122682,23622,"23622,5231331.975,5254953.975"
Medium,France,96500,106536,10036,"10036,5254953.975,5264989.975"
Medium,France,80500,87906,7406,"7406,5264989.975,5272395.975"
Medium,France,19760,73507.2,33987.2,"33987.2,5272395.975,5306383.175"
Medium,France,17570,66063.2,30923.199999999997,"30923.199999999997,5306383.175,5337306.375"
Medium,France,38010,53594.100000000006,15584.100000000002,"15584.100000000002,5337306.375,5352890.475"
Medium,France,26820,48812.4,21992.4,"21992.4,5352890.475,5374882.875"
Medium,France,26200,37335,11135,"11135,5374882.875,5386017.875"
Medium,France,25010,34513.8,9503.800000000003,"9503.800000000003,5386017.875,5395521.675"
Medium,France,12270,33497.1,8957.099999999999,"8957.099999999999,5395521.675,5404478.774999999"
Medium,France,12435,33077.1,8207.099999999999,"8207.099999999999,5404478.774999999,5412685.874999999"
Medium,France,15790,30001,14211,"14211,5412685.874999999,5426896.874999999"
Medium,France,15630,29697,14067,"14067,5426896.874999999,5440963.874999999"
Medium,France,21010,29308.95,8298.95,"8298.95,5440963.874999999,5449262.824999999"
Medium,France,15350,28551,13201,"13201,5449262.824999999,5462463.824999999"
Medium,France,7026,26136.72,19110.72,"19110.72,5462463.824999999,5481574.544999999"
Medium,France,13030,24757,11727,"11727,5481574.544999999,5493301.544999999"
Medium,France,6702,24395.28,17693.28,"17693.28,5493301.544999999,5510994.824999999"
Medium,France,5901,21479.64,15578.64,"15578.64,5510994.824999999,5526573.464999999"
Medium,France,5595,21261,15666,"15666,5526573.464999999,5542239.464999999"
Medium,France,10330,19627,9297,"9297,5542239.464999999,5551536.464999999"
Medium,France,5215.5,19401.66,14186.16,"14186.16,5551536.464999999,5565722.624999999"
Medium,France,7015,18463.48,4433.48,"4433.48,5565722.624999999,5570156.1049999995"
Medium,France,10680,14204.4,3524.3999999999996,"3524.3999999999996,5570156.1049999995,5573680.505"
Medium,France,4900,6762,1862,"1862,5573680.505,5575542.505"
Medium,France,5155,6711.81,1556.8100000000004,"1556.8100000000004,5575542.505,5577099.3149999995"
Medium,France,918,3341.52,2423.52,"2423.52,5577099.3149999995,5579522.834999999"
Medium,Germany,17430,24576.3,7146.299999999999,"7146.299999999999,1843037.2799999996,1850183.5799999996"
Medium,Germany,351000,448875,97875,"97875,1513509.4899999995,1611384.4899999995"
Medium,Germany,6630,12066.6,5436.6,"5436.6,1920657.8899999997,1926094.4899999998"
Medium,Germany,7026,26698.8,19672.8,"19672.8,1805290.0799999996,1824962.8799999997"
Medium,Germany,664750,725907,61157,"61157,1131060.4899999995,1192217.4899999995"
Medium,Germany,312500,712500,87500,"87500,1192217.4899999995,1279717.4899999995"
Medium,Germany,557960,691012,133052,"133052,1279717.4899999995,1412769.4899999995"
Medium,Germany,379600,480340,100740,"100740,1412769.4899999995,1513509.4899999995"
Medium,Germany,339820,416279.5,76459.5,"76459.5,1611384.4899999995,1687843.9899999995"
Medium,Germany,421560,408386.25,-13173.75,"-13173.75,1687843.9899999995,1674670.2399999995"
Medium,Germany,280750,313317,32567,"32567,1674670.2399999995,1707237.2399999995"
Medium,Germany,300000,290625,-9375,"-9375,1707237.2399999995,1697862.2399999995"
Medium,Germany,250440,242613.75,-7826.25,"-7826.25,1697862.2399999995,1690035.9899999995"
Medium,Germany,109720,135884,26164,"26164,1690035.9899999995,1716199.9899999995"
Medium,Germany,119280,115552.5,-3727.5,"-3727.5,1716199.9899999995,1712472.4899999995"
Medium,Germany,106440,104222.5,-2217.5,"-2217.5,1712472.4899999995,1710254.9899999995"
Medium,Germany,96840,95831.25,-1008.75,"-1008.75,1710254.9899999995,1709246.2399999995"
Medium,Germany,83500,91182,7682,"7682,1709246.2399999995,1716928.2399999995"
Medium,Germany,13660,50268.8,22948.800000000003,"22948.800000000003,1716928.2399999995,1739877.0399999996"
Medium,Germany,22970,43643,20673,"20673,1739877.0399999996,1760550.0399999996"
Medium,Germany,19340,35585.6,16245.599999999999,"16245.599999999999,1760550.0399999996,1776795.6399999997"
Medium,Germany,21160,30153,8993,"8993,1776795.6399999997,1785788.6399999997"
Medium,Germany,11690,30113.44,6733.439999999999,"6733.439999999999,1785788.6399999997,1792522.0799999996"
Medium,Germany,15200,27968,12768,"12768,1792522.0799999996,1805290.0799999996"
Medium,Germany,6645,24719.4,18074.4,"18074.4,1824962.8799999997,1843037.2799999996"
Medium,Germany,15300,21573,6273,"6273,1850183.5799999996,1856456.5799999996"
Medium,Germany,7110,19623.6,5403.5999999999985,"5403.5999999999985,1856456.5799999996,1861860.1799999997"
Medium,Germany,5325,19383,14058,"14058,1861860.1799999997,1875918.1799999997"
Medium,Germany,10010,18818.8,8808.8,"8808.8,1875918.1799999997,1884726.9799999997"
Medium,Germany,4740,17253.6,12513.599999999999,"12513.599999999999,1884726.9799999997,1897240.5799999998"
Medium,Germany,12045,15513.96,3468.959999999999,"3468.959999999999,1897240.5799999998,1900709.5399999998"
Medium,Germany,5795,15414.7,3824.7000000000007,"3824.7000000000007,1900709.5399999998,1904534.2399999998"
Medium,Germany,10625,13833.75,3208.75,"3208.75,1904534.2399999998,1907742.9899999998"
Medium,Germany,9700,13240.5,3540.5,"3540.5,1907742.9899999998,1911283.4899999998"
Medium,Germany,3348,12722.4,9374.4,"9374.4,1911283.4899999998,1920657.8899999997"
Medium,Germany,6450,11868,5418,"5418,1926094.4899999998,1931512.4899999998"
Medium,Germany,5880,10936.8,5056.799999999999,"5056.799999999999,1931512.4899999998,1936569.2899999998"
Medium,Germany,7990,10291.12,2301.120000000001,"2301.120000000001,1936569.2899999998,1938870.41"
Medium,Germany,2640,9609.6,6969.6,"6969.6,1938870.41,1945840.01"
Medium,Germany,6860,9123.8,2263.7999999999993,"2263.7999999999993,1945840.01,1948103.81"
Medium,Germany,6295,8107.96,1812.96,"1812.96,1948103.81,1949916.77"
Medium,Germany,5475,7051.8,1576.8000000000002,"1576.8000000000002,1949916.77,1951493.57"
Medium,Germany,5080,6756.4,1676.3999999999996,"1676.3999999999996,1951493.57,1953169.97"
Medium,Germany,1800,4586.4,986.3999999999996,"986.3999999999996,1953169.97,1954156.3699999999"
Medium,Mexico,615000,1357920,127920,"127920,0,127920"
Medium,Mexico,9730,12532.24,2802.24,"2802.24,1099417.0099999995,1102219.2499999995"
Medium,Mexico,1101,8015.28,5813.28,"5813.28,1118272.0599999994,1124085.3399999994"
Medium,Mexico,354120,877128,168888,"168888,127920,296808"
Medium,Mexico,628420,769814.5,141394.5,"141394.5,296808,438202.5"
Medium,Mexico,686750,766413,79663,"79663,438202.5,517865.5"
Medium,Mexico,641250,700245,58995,"58995,517865.5,576860.5"
Medium,Mexico,436540,552391,115851,"115851,576860.5,692711.5"
Medium,Mexico,401750,457995,56245,"56245,692711.5,748956.5"
Medium,Mexico,158750,350520,33020,"33020,748956.5,781976.5"
Medium,Mexico,254800,322420,67620,"67620,781976.5,849596.5"
Medium,Mexico,275000,313500,38500,"38500,849596.5,888096.5"
Medium,Mexico,253200,240012.5,-13187.5,"-13187.5,888096.5,874909"
Medium,Mexico,187200,239400,52200,"52200,874909,927109"
Medium,Mexico,184800,177100,-7700,"-7700,927109,919409"
Medium,Mexico,133680,128110,-5570,"-5570,919409,913839"
Medium,Mexico,105240,99758.75,-5481.25,"-5481.25,913839,908357.75"
Medium,Mexico,29930,55071.2,25141.199999999997,"25141.199999999997,908357.75,933498.95"
Medium,Mexico,28610,40769.25,12159.25,"12159.25,933498.95,945658.2"
Medium,Mexico,27910,39771.75,11861.75,"11861.75,945658.2,957519.95"
Medium,Mexico,10380,37783.2,17023.199999999997,"17023.199999999997,957519.95,974543.1499999999"
Medium,Mexico,26280,35872.2,9592.199999999997,"9592.199999999997,974543.1499999999,984135.3499999999"
Medium,Mexico,13445,35763.7,8873.699999999997,"8873.699999999997,984135.3499999999,993009.0499999998"
Medium,Mexico,18340,34112.4,15772.400000000001,"15772.400000000001,993009.0499999998,1008781.4499999998"
Medium,Mexico,8289,30835.08,22546.08,"22546.08,1008781.4499999998,1031327.5299999998"
Medium,Mexico,16940,30830.8,13890.8,"13890.8,1031327.5299999998,1045218.3299999998"
Medium,Mexico,7020,26114.4,19094.4,"19094.4,1045218.3299999998,1064312.7299999997"
Medium,Mexico,11230,21112.4,9882.400000000001,"9882.400000000001,1064312.7299999997,1074195.1299999997"
Medium,Mexico,7490,19713.68,4733.68,"4733.68,1074195.1299999997,1078928.8099999996"
Medium,Mexico,4125,15180,11055,"11055,1078928.8099999996,1089983.8099999996"
Medium,Mexico,3369,12802.2,9433.2,"9433.2,1089983.8099999996,1099417.0099999995"
Medium,Mexico,6090,11327.4,5237.4,"5237.4,1102219.2499999995,1107456.6499999994"
Medium,Mexico,8415,11191.95,2776.9500000000007,"2776.9500000000007,1107456.6499999994,1110233.5999999994"
Medium,Mexico,6665,8771.14,2106.1399999999994,"2106.1399999999994,1110233.5999999994,1112339.7399999993"
Medium,Mexico,2181,8113.32,5932.32,"5932.32,1112339.7399999993,1118272.0599999994"
Medium,Mexico,2605,6637.54,1427.54,"1427.54,1124085.3399999994,1125512.8799999994"
Medium,Mexico,1686,6339.36,4653.36,"4653.36,1125512.8799999994,1130166.2399999995"
Medium,Mexico,2450,3344.25,894.25,"894.25,1130166.2399999995,1131060.4899999995"
None,United States of America,338520,352625,14105,"14105,564005,578110"
None,United States of America,6423,25692,19269,"19269,578110,597379"
None,United States of America,5859,23436,17577,"17577,597379,614956"
None,United States of America,6150,18450,6150,"6150,614956,621106"
None,United States of America,5715,16002,4572,"4572,621106,625678"
None,United States of America,2736,10944,8208,"8208,625678,633886"
None,Canada,448500,603750,155250,"155250,633886,789136"
None,Canada,500250,600300,100050,"100050,789136,889186"
None,Canada,319860,333187.5,13327.5,"13327.5,889186,902513.5"
None,Canada,41400,86250,3450,"3450,902513.5,905963.5"
None,Canada,18170,72680,36340,"36340,905963.5,942303.5"
None,Canada,7554,60432,45324,"45324,942303.5,987627.5"
None,Canada,16185,32370,16185,"16185,987627.5,1003812.5"
None,Canada,21520,32280,10760,"10760,1003812.5,1014572.5"
None,Canada,2920,5840,2920,"2920,1014572.5,1017492.5"
None,France,216480,225500,9020,"9020,492480,501500"
None,France,715000,962500,247500,"247500,0,247500"
None,France,537750,645300,107550,"107550,247500,355050"
None,France,397020,534450,137430,"137430,355050,492480"
None,France,18990,75960,37980,"37980,501500,539480"
None,France,21780,65340,21780,"21780,539480,561260"
None,France,5490,8235,2745,"2745,561260,564005"
None,Germany,393380,1059100,272340,"272340,1017492.5,1289832.5"
None,Germany,261560,704200,181080,"181080,1289832.5,1470912.5"
None,Germany,506340,527437.5,21097.5,"21097.5,1470912.5,1492010"
None,Germany,4635,37080,27810,"27810,1492010,1519820"
None,Germany,8514,34056,25542,"25542,1519820,1545362"
None,Germany,8880,26640,8880,"8880,1545362,1554242"
None,Germany,13210,26420,13210,"13210,1554242,1567452"
None,Germany,6483,25932,19449,"19449,1567452,1586901"
None,Germany,10730,15022,4292,"4292,1586901,1591193"
None,Germany,9210,13815,4605,"4605,1591193,1595798"
None,Germany,8430,11802,3372,"3372,1595798,1599170"
None,Germany,1101,4404,3303,"3303,1599170,1602473"
None,Mexico,24700,74100,24700,"24700,1689773,1714473"
None,Mexico,239500,287400,47900,"47900,1602473,1650373"
None,Mexico,197000,236400,39400,"39400,1650373,1689773"
None,Mexico,24720,37080,12360,"12360,1714473,1726833"
None,Mexico,9740,14610,4870,"4870,1726833,1731703"
None,Mexico,7465,10451,2986,"2986,1731703,1734689"
None,Mexico,4415,6181,1766,"1766,1734689,1736455"