Orders.State,Orders.Sub-Category,Sum(Orders.Profit),
Alabama,Copiers,314.9895,"314.9895,4624.065200000001,4939.054700000001"
Alabama,Phones,707.1788000000001,"707.1788000000001,2275.6346000000003,2982.8134000000005"
Alabama,Accessories,816.4346,"816.4346,1459.2,2275.6346000000003"
Alabama,Paper,424.21239999999995,"424.21239999999995,4199.852800000001,4624.065200000001"
Alabama,Binders,227.76879999999997,"227.76879999999997,5186.7866,5414.5554"
Alabama,Chairs,660.9663999999999,"660.9663999999999,2982.8134000000005,3643.7798000000003"
Alabama,Storage,147.85639999999998,"147.85639999999998,5414.5554,5562.4118"
Alabama,Appliances,56.20320000000001,"56.20320000000001,5650.946199999999,5707.149399999999"
Alabama,Furnishings,14.348799999999999,"14.348799999999999,5759.774199999999,5774.122999999999"
Alabama,Envelopes,52.62479999999999,"52.62479999999999,5707.149399999999,5759.774199999999"
Alabama,Art,88.53439999999998,"88.53439999999998,5562.4118,5650.946199999999"
Alabama,Labels,247.7319,"247.7319,4939.054700000001,5186.7866"
Alabama,Machines,1459.2,"1459.2,0,1459.2"
Alabama,Fasteners,1.1945999999999999,"1.1945999999999999,5785.630699999999,5786.825299999999"
Alabama,Supplies,11.50770000000001,"11.50770000000001,5774.122999999999,5785.630699999999"
Alabama,Tables,556.0730000000001,"556.0730000000001,3643.7798000000003,4199.852800000001"
Arizona,Phones,818.6727999999997,"818.6727999999997,842.0393999999999,1660.7121999999995"
Arizona,Accessories,224.76939999999973,"224.76939999999973,1945.2618999999995,2170.031299999999"
Arizona,Paper,842.0393999999999,"842.0393999999999,0,842.0393999999999"
Arizona,Binders,-1646.7484000000002,"-1646.7484000000002,500.69389999999873,-1146.0545000000016"
Arizona,Chairs,121.60489999999949,"121.60489999999949,2310.9746999999993,2432.5795999999987"
Arizona,Storage,-271.1709000000001,"-271.1709000000001,2572.0130999999988,2300.8421999999987"
Arizona,Appliances,83.25479999999997,"83.25479999999997,2432.5795999999987,2515.834399999999"
Arizona,Furnishings,284.5497,"284.5497,1660.7121999999995,1945.2618999999995"
Arizona,Envelopes,75.1514,"75.1514,2515.834399999999,2590.985799999999"
Arizona,Art,140.94339999999997,"140.94339999999997,2170.031299999999,2310.9746999999993"
Arizona,Labels,9.125599999999999,"9.125599999999999,2590.985799999999,2600.111399999999"
Arizona,Machines,-930.9409999999999,"-930.9409999999999,1431.6348999999987,500.69389999999873"
Arizona,Fasteners,2.099299999999995,"2.099299999999995,2600.111399999999,2602.2106999999987"
Arizona,Supplies,-30.197600000000026,"-30.197600000000026,2602.2106999999987,2572.0130999999988"
Arizona,Bookcases,-869.2072999999999,"-869.2072999999999,2300.8421999999987,1431.6348999999987"
Arizona,Tables,-2281.8701,"-2281.8701,-1146.0545000000016,-3427.9246000000016"
Arkansas,Phones,577.7685999999999,"577.7685999999999,2039.875,2617.6436"
Arkansas,Accessories,683.6698000000001,"683.6698000000001,1356.2051999999999,2039.875"
Arkansas,Paper,382.76259999999996,"382.76259999999996,2617.6436,3000.4062"
Arkansas,Binders,1356.2051999999999,"1356.2051999999999,0,1356.2051999999999"
Arkansas,Chairs,369.54899999999986,"369.54899999999986,3000.4062,3369.9552"
Arkansas,Storage,32.089599999999976,"32.089599999999976,3930.4687999999996,3962.5583999999994"
Arkansas,Furnishings,194.13080000000002,"194.13080000000002,3369.9552,3564.086"
Arkansas,Envelopes,148.60739999999998,"148.60739999999998,3736.5674,3885.1748"
Arkansas,Art,23.731799999999996,"23.731799999999996,3962.5583999999994,3986.2901999999995"
Arkansas,Labels,3.4356999999999998,"3.4356999999999998,4005.2513999999996,4008.6870999999996"
Arkansas,Fasteners,18.961199999999998,"18.961199999999998,3986.2901999999995,4005.2513999999996"
Arkansas,Bookcases,172.4814,"172.4814,3564.086,3736.5674"
Arkansas,Tables,45.29399999999998,"45.29399999999998,3885.1748,3930.4687999999996"
California,Copiers,7889.8519,"7889.8519,29075.349700000002,36965.2016"
California,Phones,6309.119699999999,"6309.119699999999,51161.57059999999,57470.69029999999"
California,Accessories,11095.656499999997,"11095.656499999997,0,11095.656499999997"
California,Paper,7977.539500000002,"7977.539500000002,21097.8102,29075.349700000002"
California,Binders,10002.1537,"10002.1537,11095.656499999997,21097.8102"
California,Chairs,2435.971499999998,"2435.971499999998,67257.65959999998,69693.63109999998"
California,Storage,7204.137199999992,"7204.137199999992,36965.2016,44169.33879999999"
California,Appliances,6992.231799999999,"6992.231799999999,44169.33879999999,51161.57059999999"
California,Furnishings,5611.560600000001,"5611.560600000001,57470.69029999999,63082.250899999985"
California,Envelopes,1529.4161,"1529.4161,71308.46759999999,72837.88369999999"
California,Art,1614.8365,"1614.8365,69693.63109999998,71308.46759999999"
California,Labels,1370.1190999999997,"1370.1190999999997,74256.8752,75626.99429999999"
California,Machines,4175.408699999997,"4175.408699999997,63082.250899999985,67257.65959999998"
California,Fasteners,195.75050000000002,"195.75050000000002,76489.19459999999,76684.94509999998"
California,Supplies,862.2002999999994,"862.2002999999994,75626.99429999999,76489.19459999999"
California,Bookcases,1418.991499999999,"1418.991499999999,72837.88369999999,74256.8752"
California,Tables,-303.5580000000013,"-303.5580000000013,76684.94509999998,76381.38709999998"
Colorado,Copiers,164.997,"164.997,1602.7836999999995,1767.7806999999996"
Colorado,Phones,523.1144999999997,"523.1144999999997,556.5215999999998,1079.6360999999995"
Colorado,Accessories,224.55939999999998,"224.55939999999998,1378.2242999999994,1602.7836999999995"
Colorado,Paper,298.5881999999999,"298.5881999999999,1079.6360999999995,1378.2242999999994"
Colorado,Binders,-379.4918999999999,"-379.4918999999999,1619.6810999999993,1240.1891999999993"
Colorado,Chairs,556.5215999999998,"556.5215999999998,0,556.5215999999998"
Colorado,Storage,-212.69980000000027,"-212.69980000000027,2124.0798999999997,1911.3800999999994"
Colorado,Appliances,141.42069999999995,"141.42069999999995,1911.9165999999996,2053.3372999999997"
Colorado,Furnishings,144.13589999999994,"144.13589999999994,1767.7806999999996,1911.9165999999996"
Colorado,Envelopes,27.059699999999996,"27.059699999999996,2053.3372999999997,2080.3969999999995"
Colorado,Art,25.09429999999999,"25.09429999999999,2080.3969999999995,2105.4912999999997"
Colorado,Labels,5.9832,"5.9832,2118.0966999999996,2124.0798999999997"
Colorado,Machines,-4384.255400000001,"-4384.255400000001,-2143.602500000001,-6527.857900000002"
Colorado,Fasteners,12.605399999999996,"12.605399999999996,2105.4912999999997,2118.0966999999996"
Colorado,Supplies,-291.69899999999996,"-291.69899999999996,1911.3800999999994,1619.6810999999993"
Colorado,Bookcases,-2408.9163000000003,"-2408.9163000000003,265.31379999999933,-2143.602500000001"
Colorado,Tables,-974.8754,"-974.8754,1240.1891999999993,265.31379999999933"
Connecticut,Phones,587.1789,"587.1789,696.2570000000001,1283.4359"
Connecticut,Accessories,193.75470000000004,"193.75470000000004,2946.4234999999994,3140.1781999999994"
Connecticut,Paper,378.8327999999999,"378.8327999999999,2211.9826,2590.8153999999995"
Connecticut,Binders,176.28,"176.28,3140.1781999999994,3316.4581999999996"
Connecticut,Chairs,696.2570000000001,"696.2570000000001,0,696.2570000000001"
Connecticut,Storage,355.60810000000004,"355.60810000000004,2590.8153999999995,2946.4234999999994"
Connecticut,Appliances,471.8696999999999,"471.8696999999999,1283.4359,1755.3056"
Connecticut,Furnishings,92.96109999999997,"92.96109999999997,3316.4581999999996,3409.4192999999996"
Connecticut,Envelopes,5.1042000000000005,"5.1042000000000005,3526.0021999999994,3531.1063999999997"
Connecticut,Art,70.4846,"70.4846,3409.4192999999996,3479.9038999999993"
Connecticut,Labels,15.696799999999998,"15.696799999999998,3510.3053999999993,3526.0021999999994"
Connecticut,Supplies,30.401499999999995,"30.401499999999995,3479.9038999999993,3510.3053999999993"
Connecticut,Bookcases,456.677,"456.677,1755.3056,2211.9826"
Connecticut,Tables,-19.6146,"-19.6146,3531.1063999999997,3511.4918"
Delaware,Copiers,5039.9856,"5039.9856,0,5039.9856"
Delaware,Phones,992.3588999999998,"992.3588999999998,7318.9663,8311.3252"
Delaware,Accessories,175.7004,"175.7004,9341.437899999999,9517.138299999999"
Delaware,Paper,211.04019999999997,"211.04019999999997,9130.3977,9341.437899999999"
Delaware,Binders,1159.597,"1159.597,5039.9856,6199.5826"
Delaware,Chairs,342.13819999999987,"342.13819999999987,8788.2595,9130.3977"
Delaware,Storage,1119.3837000000003,"1119.3837000000003,6199.5826,7318.9663"
Delaware,Appliances,44.364599999999996,"44.364599999999996,9952.6382,9997.0028"
Delaware,Furnishings,137.531,"137.531,9815.107199999999,9952.6382"
Delaware,Envelopes,138.33769999999998,"138.33769999999998,9676.769499999999,9815.107199999999"
Delaware,Art,159.63119999999998,"159.63119999999998,9517.138299999999,9676.769499999999"
Delaware,Labels,34.7388,"34.7388,9997.0028,10031.7416"
Delaware,Machines,31.005899999999997,"31.005899999999997,10031.7416,10062.7475"
Delaware,Fasteners,0.5236000000000014,"0.5236000000000014,10062.7475,10063.2711"
Delaware,Bookcases,476.9343,"476.9343,8311.3252,8788.2595"
Delaware,Tables,-85.89630000000007,"-85.89630000000007,10063.2711,9977.3748"
District of Columbia,Paper,34.4116,"34.4116,965.4449,999.8565"
District of Columbia,Binders,4.4344,"4.4344,1055.1549,1059.5893"
District of Columbia,Chairs,316.8825,"316.8825,648.5624,965.4449"
District of Columbia,Furnishings,33.201,"33.201,999.8565,1033.0575"
District of Columbia,Art,22.0974,"22.0974,1033.0575,1055.1549"
District of Columbia,Machines,648.5624,"648.5624,0,648.5624"
Florida,Copiers,401.9917999999999,"401.9917999999999,2937.8243999999995,3339.8161999999993"
Florida,Phones,1354.7557,"1354.7557,0,1354.7557"
Florida,Accessories,750.0682999999997,"750.0682999999997,2187.7561,2937.8243999999995"
Florida,Paper,833.0004000000001,"833.0004000000001,1354.7557,2187.7561"
Florida,Binders,-2760.7303999999986,"-2760.7303999999986,-638.5713000000042,-3399.3017000000027"
Florida,Chairs,-37.55860000000027,"-37.55860000000027,4384.918299999998,4347.359699999998"
Florida,Storage,-203.10680000000025,"-203.10680000000025,4033.657599999998,3830.550799999998"
Florida,Appliances,349.75639999999976,"349.75639999999976,3731.575799999999,4081.332199999999"
Florida,Furnishings,391.75959999999986,"391.75959999999986,3339.8161999999993,3731.575799999999"
Florida,Envelopes,72.56889999999999,"72.56889999999999,4295.840899999998,4368.4097999999985"
Florida,Art,77.9391,"77.9391,4217.901799999999,4295.840899999998"
Florida,Labels,136.5696,"136.5696,4081.332199999999,4217.901799999999"
Florida,Machines,-1976.0110000000022,"-1976.0110000000022,3830.550799999998,1854.539799999996"
Florida,Fasteners,16.508499999999998,"16.508499999999998,4368.4097999999985,4384.918299999998"
Florida,Supplies,-197.63149999999996,"-197.63149999999996,4231.289099999998,4033.657599999998"
Florida,Bookcases,-116.07059999999998,"-116.07059999999998,4347.359699999998,4231.289099999998"
Florida,Tables,-2493.1111,"-2493.1111,1854.539799999996,-638.5713000000042"
Georgia,Copiers,1439.976,"1439.976,7599.066099999999,9039.042099999999"
Georgia,Phones,1881.7586000000003,"1881.7586000000003,5717.307499999999,7599.066099999999"
Georgia,Accessories,887.8450999999998,"887.8450999999998,12625.421699999999,13513.2668"
Georgia,Paper,1417.8822000000005,"1417.8822000000005,9039.042099999999,10456.924299999999"
Georgia,Binders,5717.307499999999,"5717.307499999999,0,5717.307499999999"
Georgia,Chairs,414.36289999999997,"414.36289999999997,15010.4149,15424.7778"
Georgia,Storage,1109.9142,"1109.9142,10456.924299999999,11566.838499999998"
Georgia,Appliances,1058.5832,"1058.5832,11566.838499999998,12625.421699999999"
Georgia,Furnishings,613.8860999999999,"613.8860999999999,14396.5288,15010.4149"
Georgia,Envelopes,211.0561,"211.0561,15424.7778,15635.8339"
Georgia,Art,159.71279999999996,"159.71279999999996,15825.9139,15985.626699999999"
Georgia,Labels,116.01679999999999,"116.01679999999999,16123.573699999999,16239.590499999998"
Georgia,Machines,190.07999999999998,"190.07999999999998,15635.8339,15825.9139"
Georgia,Fasteners,0.30240000000000045,"0.30240000000000045,16249.740899999999,16250.0433"
Georgia,Supplies,10.150399999999994,"10.150399999999994,16239.590499999998,16249.740899999999"
Georgia,Bookcases,883.2619999999998,"883.2619999999998,13513.2668,14396.5288"
Georgia,Tables,137.94699999999995,"137.94699999999995,15985.626699999999,16123.573699999999"
Idaho,Phones,54.309900000000006,"54.309900000000006,677.1327,731.4426"
Idaho,Accessories,37.787400000000005,"37.787400000000005,731.4426,769.23"
Idaho,Paper,81.322,"81.322,529.7371,611.0591000000001"
Idaho,Binders,24.634699999999995,"24.634699999999995,797.8589999999999,822.4936999999999"
Idaho,Chairs,4.22939999999997,"4.22939999999997,822.4936999999999,826.7230999999998"
Idaho,Storage,28.628999999999962,"28.628999999999962,769.23,797.8589999999999"
Idaho,Appliances,66.07359999999997,"66.07359999999997,611.0591000000001,677.1327"
Idaho,Furnishings,110.0308,"110.0308,419.70630000000006,529.7371"
Idaho,Tables,419.70630000000006,"419.70630000000006,0,419.70630000000006"
Illinois,Copiers,1831.9665999999997,"1831.9665999999997,0,1831.9665999999997"
Illinois,Phones,1682.6886999999992,"1682.6886999999992,1831.9665999999997,3514.655299999999"
Illinois,Accessories,981.8643999999998,"981.8643999999998,4698.331899999999,5680.196299999999"
Illinois,Paper,1183.6765999999998,"1183.6765999999998,3514.655299999999,4698.331899999999"
Illinois,Binders,-7204.324200000003,"-7204.324200000003,-5403.562800000004,-12607.887000000006"
Illinois,Chairs,-1578.6955000000007,"-1578.6955000000007,5599.272699999999,4020.577199999998"
Illinois,Storage,-257.4584000000002,"-257.4584000000002,6412.603699999999,6155.145299999998"
Illinois,Appliances,-2482.4187,"-2482.4187,4020.577199999998,1538.1584999999977"
Illinois,Furnishings,-2631.976600000001,"-2631.976600000001,1538.1584999999977,-1093.8181000000031"
Illinois,Envelopes,132.52939999999998,"132.52939999999998,6145.1898999999985,6277.719299999999"
Illinois,Art,138.95409999999998,"138.95409999999998,6006.235799999999,6145.1898999999985"
Illinois,Labels,77.4622,"77.4622,6277.719299999999,6355.181499999999"
Illinois,Machines,326.0394999999998,"326.0394999999998,5680.196299999999,6006.235799999999"
Illinois,Fasteners,43.994899999999994,"43.994899999999994,6355.181499999999,6399.1763999999985"
Illinois,Supplies,13.427299999999994,"13.427299999999994,6399.1763999999985,6412.603699999999"
Illinois,Bookcases,-555.8725999999999,"-555.8725999999999,6155.145299999998,5599.272699999999"
Illinois,Tables,-4309.744700000001,"-4309.744700000001,-1093.8181000000031,-5403.562800000004"
Indiana,Copiers,8849.966999999999,"8849.966999999999,0,8849.966999999999"
Indiana,Phones,1558.0268999999996,"1558.0268999999996,12264.685299999997,13822.712199999996"
Indiana,Accessories,570.2304000000001,"570.2304000000001,15970.956399999995,16541.186799999996"
Indiana,Paper,888.3797,"888.3797,15082.576699999996,15970.956399999995"
Indiana,Binders,1827.1562000000004,"1827.1562000000004,8849.966999999999,10677.123199999998"
Indiana,Chairs,1587.5620999999996,"1587.5620999999996,10677.123199999998,12264.685299999997"
Indiana,Storage,555.2860999999999,"555.2860999999999,16541.186799999996,17096.472899999997"
Indiana,Appliances,1259.8645,"1259.8645,13822.712199999996,15082.576699999996"
Indiana,Furnishings,180.79139999999992,"180.79139999999992,17921.569399999997,18102.360799999995"
Indiana,Envelopes,412.17470000000003,"412.17470000000003,17509.394699999997,17921.569399999997"
Indiana,Art,123.61339999999998,"123.61339999999998,18236.569099999993,18360.18249999999"
Indiana,Labels,134.20829999999998,"134.20829999999998,18102.360799999995,18236.569099999993"
Indiana,Machines,22.653000000000006,"22.653000000000006,18360.18249999999,18382.83549999999"
Indiana,Fasteners,0.1008,"0.1008,18382.83549999999,18382.93629999999"
Indiana,Tables,412.92179999999996,"412.92179999999996,17096.472899999997,17509.394699999997"
Iowa,Phones,318.36819999999994,"318.36819999999994,394.26800000000003,712.6361999999999"
Iowa,Paper,149.73549999999997,"149.73549999999997,712.6361999999999,862.3716999999999"
Iowa,Binders,118.7179,"118.7179,862.3716999999999,981.0895999999999"
Iowa,Chairs,394.26800000000003,"394.26800000000003,0,394.26800000000003"
Iowa,Storage,3.5047999999999995,"3.5047999999999995,1180.3070999999998,1183.8118999999997"
Iowa,Furnishings,19.1457,"19.1457,1154.7905999999998,1173.9362999999998"
Iowa,Envelopes,6.370799999999999,"6.370799999999999,1173.9362999999998,1180.3070999999998"
Iowa,Art,45.49379999999999,"45.49379999999999,1087.7143999999998,1133.2081999999998"
Iowa,Fasteners,21.5824,"21.5824,1133.2081999999998,1154.7905999999998"
Iowa,Tables,106.62480000000005,"106.62480000000005,981.0895999999999,1087.7143999999998"
Kansas,Phones,148.70259999999996,"148.70259999999996,279.44319999999993,428.1457999999999"
Kansas,Accessories,26.284,"26.284,760.4369999999999,786.7209999999999"
Kansas,Paper,147.6816,"147.6816,428.1457999999999,575.8273999999999"
Kansas,Binders,279.44319999999993,"279.44319999999993,0,279.44319999999993"
Kansas,Storage,101.6884,"101.6884,575.8273999999999,677.5157999999999"
Kansas,Appliances,22.9488,"22.9488,786.7209999999999,809.6697999999999"
Kansas,Furnishings,36.96959999999999,"36.96959999999999,723.4673999999999,760.4369999999999"
Kansas,Art,45.95159999999999,"45.95159999999999,677.5157999999999,723.4673999999999"
Kansas,Labels,8.693999999999999,"8.693999999999999,820.5908999999999,829.2848999999999"
Kansas,Fasteners,10.921100000000001,"10.921100000000001,809.6697999999999,820.5908999999999"
Kansas,Supplies,7.158600000000007,"7.158600000000007,829.2848999999999,836.4434999999999"
Kentucky,Copiers,629.991,"629.991,8674.324499999999,9304.315499999999"
Kentucky,Phones,1406.3602,"1406.3602,5709.091699999999,7115.451899999999"
Kentucky,Accessories,703.4852000000001,"703.4852000000001,7970.839299999999,8674.324499999999"
Kentucky,Paper,502.21109999999993,"502.21109999999993,9304.315499999999,9806.5266"
Kentucky,Binders,1740.0312,"1740.0312,2552.2604999999994,4292.2917"
Kentucky,Chairs,2552.2604999999994,"2552.2604999999994,0,2552.2604999999994"
Kentucky,Storage,855.3874,"855.3874,7115.451899999999,7970.839299999999"
Kentucky,Appliances,371.18519999999995,"371.18519999999995,10263.1871,10634.372299999999"
Kentucky,Furnishings,456.66049999999996,"456.66049999999996,9806.5266,10263.1871"
Kentucky,Envelopes,48.07659999999999,"48.07659999999999,11069.9378,11118.0144"
Kentucky,Art,98.606,"98.606,10971.3318,11069.9378"
Kentucky,Labels,176.8009,"176.8009,10634.372299999999,10811.1732"
Kentucky,Machines,1416.7999999999997,"1416.7999999999997,4292.2917,5709.091699999999"
Kentucky,Fasteners,21.8478,"21.8478,11159.928,11181.7758"
Kentucky,Supplies,17.920799999999996,"17.920799999999996,11181.7758,11199.6966"
Kentucky,Bookcases,41.9136,"41.9136,11118.0144,11159.928"
Kentucky,Tables,160.1586,"160.1586,10811.1732,10971.3318"
Louisiana,Phones,181.472,"181.472,1721.2678000000003,1902.7398000000003"
Louisiana,Accessories,593.5581999999999,"593.5581999999999,0,593.5581999999999"
Louisiana,Paper,49.89600000000001,"49.89600000000001,1959.9326000000003,2009.8286000000003"
Louisiana,Binders,290.5414,"290.5414,961.9526000000001,1252.4940000000001"
Louisiana,Chairs,228.78879999999995,"228.78879999999995,1492.4790000000003,1721.2678000000003"
Louisiana,Storage,43.65679999999995,"43.65679999999995,2009.8286000000003,2053.4854"
Louisiana,Appliances,4.681800000000001,"4.681800000000001,2191.4205,2196.1023"
Louisiana,Furnishings,31.618599999999994,"31.618599999999994,2123.7898000000005,2155.4084000000003"
Louisiana,Envelopes,30.809199999999997,"30.809199999999997,2155.4084000000003,2186.2176000000004"
Louisiana,Art,36.992000000000004,"36.992000000000004,2053.4854,2090.4774"
Louisiana,Labels,5.2029,"5.2029,2186.2176000000004,2191.4205"
Louisiana,Machines,239.985,"239.985,1252.4940000000001,1492.4790000000003"
Louisiana,Supplies,33.312400000000025,"33.312400000000025,2090.4774,2123.7898000000005"
Louisiana,Bookcases,57.19280000000002,"57.19280000000002,1902.7398000000003,1959.9326000000003"
Louisiana,Tables,368.3944000000001,"368.3944000000001,593.5581999999999,961.9526000000001"
Maine,Phones,131.35499999999996,"131.35499999999996,0,131.35499999999996"
Maine,Accessories,119.67779999999999,"119.67779999999999,256.0302,375.70799999999997"
Maine,Paper,124.6752,"124.6752,131.35499999999996,256.0302"
Maine,Binders,17.3102,"17.3102,437.176,454.4862"
Maine,Appliances,27.529200000000003,"27.529200000000003,409.6468,437.176"
Maine,Furnishings,33.9388,"33.9388,375.70799999999997,409.6468"
Maryland,Phones,698.1856000000001,"698.1856000000001,4289.312099999999,4987.497699999999"
Maryland,Accessories,415.45550000000014,"415.45550000000014,5986.643999999999,6402.099499999999"
Maryland,Paper,504.91610000000003,"504.91610000000003,4987.497699999999,5492.413799999999"
Maryland,Binders,1595.5108000000002,"1595.5108000000002,0,1595.5108000000002"
Maryland,Chairs,969.6909999999998,"969.6909999999998,1595.5108000000002,2565.2018"
Maryland,Storage,822.4622999999997,"822.4622999999997,3466.8498,4289.312099999999"
Maryland,Appliances,494.2301999999999,"494.2301999999999,5492.413799999999,5986.643999999999"
Maryland,Furnishings,901.648,"901.648,2565.2018,3466.8498"
Maryland,Envelopes,153.08999999999997,"153.08999999999997,6611.335999999999,6764.4259999999995"
Maryland,Art,132.7864,"132.7864,6764.4259999999995,6897.212399999999"
Maryland,Labels,82.5024,"82.5024,7002.8178,7085.3202"
Maryland,Machines,209.23649999999998,"209.23649999999998,6402.099499999999,6611.335999999999"
Maryland,Fasteners,10.470399999999998,"10.470399999999998,7085.3202,7095.7906"
Maryland,Supplies,6.5052,"6.5052,7095.7906,7102.2958"
Maryland,Bookcases,105.60539999999997,"105.60539999999997,6897.212399999999,7002.8178"
Maryland,Tables,-71.11700000000002,"-71.11700000000002,7102.2958,7031.1788"
Massachusetts,Copiers,467.9922,"467.9922,5743.810799999999,6211.802999999999"
Massachusetts,Phones,1016.1552999999998,"1016.1552999999998,0,1016.1552999999998"
Massachusetts,Accessories,271.6026,"271.6026,6625.896599999999,6897.499199999999"
Massachusetts,Paper,831.8217,"831.8217,4911.9891,5743.810799999999"
Massachusetts,Binders,1000.7748,"1000.7748,1016.1552999999998,2016.9300999999998"
Massachusetts,Chairs,962.1228000000001,"962.1228000000001,3016.6693999999998,3978.7922"
Massachusetts,Storage,933.1968999999998,"933.1968999999998,3978.7922,4911.9891"
Massachusetts,Appliances,999.7392999999997,"999.7392999999997,2016.9300999999998,3016.6693999999998"
Massachusetts,Furnishings,259.151,"259.151,6897.499199999999,7156.650199999999"
Massachusetts,Art,66.8097,"66.8097,7233.315999999999,7300.125699999999"
Massachusetts,Labels,76.66579999999999,"76.66579999999999,7156.650199999999,7233.315999999999"
Massachusetts,Fasteners,23.8116,"23.8116,7300.125699999999,7323.937299999999"
Massachusetts,Supplies,6.859,"6.859,7323.937299999999,7330.796299999999"
Massachusetts,Bookcases,414.0936,"414.0936,6211.802999999999,6625.896599999999"
Massachusetts,Tables,-545.2946999999998,"-545.2946999999998,7330.796299999999,6785.5016"
Michigan,Copiers,484.988,"484.988,22454.224,22939.212"
Michigan,Phones,1810.1694,"1810.1694,14081.155599999998,15891.324999999999"
Michigan,Accessories,1655.0608000000007,"1655.0608000000007,15891.324999999999,17546.3858"
Michigan,Paper,961.3903999999999,"961.3903999999999,19720.3441,20681.7345"
Michigan,Binders,11079.505,"11079.505,0,11079.505"
Michigan,Chairs,3001.650599999999,"3001.650599999999,11079.505,14081.155599999998"
Michigan,Storage,940.4051999999999,"940.4051999999999,20681.7345,21622.1397"
Michigan,Appliances,1086.0807999999995,"1086.0807999999995,18634.2633,19720.3441"
Michigan,Furnishings,435.37790000000007,"435.37790000000007,22939.212,23374.5899"
Michigan,Envelopes,141.62900000000002,"141.62900000000002,24257.5928,24399.2218"
Michigan,Art,301.3652,"301.3652,23805.582,24106.9472"
Michigan,Labels,430.99210000000005,"430.99210000000005,23374.5899,23805.582"
Michigan,Machines,832.0842999999996,"832.0842999999996,21622.1397,22454.224"
Michigan,Fasteners,42.755399999999995,"42.755399999999995,24399.2218,24441.977199999998"
Michigan,Supplies,21.210399999999993,"21.210399999999993,24441.977199999998,24463.187599999997"
Michigan,Bookcases,150.6456,"150.6456,24106.9472,24257.5928"
Michigan,Tables,1087.8775,"1087.8775,17546.3858,18634.2633"
Minnesota,Copiers,274.995,"274.995,9727.0726,10002.0676"
Minnesota,Phones,187.08220000000003,"187.08220000000003,10272.5058,10459.588000000002"
Minnesota,Accessories,556.7236,"556.7236,9170.349,9727.0726"
Minnesota,Paper,155.50740000000005,"155.50740000000005,10459.588000000002,10615.095400000002"
Minnesota,Binders,6041.276000000001,"6041.276000000001,0,6041.276000000001"
Minnesota,Chairs,1703.9146999999998,"1703.9146999999998,6041.276000000001,7745.190700000001"
Minnesota,Storage,561.3061999999998,"561.3061999999998,8609.042800000001,9170.349"
Minnesota,Appliances,863.8521,"863.8521,7745.190700000001,8609.042800000001"
Minnesota,Furnishings,49.534200000000006,"49.534200000000006,10691.980600000003,10741.514800000003"
Minnesota,Envelopes,14.9744,"14.9744,10797.413400000001,10812.3878"
Minnesota,Art,36.5706,"36.5706,10741.514800000003,10778.085400000002"
Minnesota,Labels,76.8852,"76.8852,10615.095400000002,10691.980600000003"
Minnesota,Fasteners,19.328,"19.328,10778.085400000002,10797.413400000001"
Minnesota,Supplies,10.799599999999998,"10.799599999999998,10812.3878,10823.1874"
Minnesota,Tables,270.43820000000005,"270.43820000000005,10002.0676,10272.5058"
Mississippi,Phones,231.75209999999996,"231.75209999999996,1967.5746000000001,2199.3267"
Mississippi,Accessories,754.6503,"754.6503,0,754.6503"
Mississippi,Paper,344.06960000000004,"344.06960000000004,1623.505,1967.5746000000001"
Mississippi,Binders,457.68709999999993,"457.68709999999993,754.6503,1212.3374"
Mississippi,Chairs,225.264,"225.264,2199.3267,2424.5907"
Mississippi,Storage,44.64479999999998,"44.64479999999998,3072.4797000000003,3117.1245000000004"
Mississippi,Appliances,176.9454,"176.9454,2606.7537,2783.6991000000003"
Mississippi,Furnishings,182.163,"182.163,2424.5907,2606.7537"
Mississippi,Envelopes,43.490899999999996,"43.490899999999996,3117.1245000000004,3160.6154"
Mississippi,Art,162.5556,"162.5556,2783.6991000000003,2946.2547000000004"
Mississippi,Labels,6.8713999999999995,"6.8713999999999995,3160.6154,3167.4868"
Mississippi,Fasteners,5.489399999999999,"5.489399999999999,3167.4868,3172.9762"
Mississippi,Bookcases,126.22500000000002,"126.22500000000002,2946.2547000000004,3072.4797000000003"
Mississippi,Tables,411.16760000000016,"411.16760000000016,1212.3374,1623.505"
Missouri,Copiers,2536.9631999999997,"2536.9631999999997,0,2536.9631999999997"
Missouri,Phones,222.78430000000003,"222.78430000000003,5600.1819,5822.9662"
Missouri,Accessories,254.9793,"254.9793,5345.2026,5600.1819"
Missouri,Paper,144.0062,"144.0062,6018.2022,6162.2083999999995"
Missouri,Binders,898.4064,"898.4064,3762.995,4661.4014"
Missouri,Chairs,15.222499999999997,"15.222499999999997,6414.115599999999,6429.338099999999"
Missouri,Storage,322.27779999999996,"322.27779999999996,5022.9248,5345.2026"
Missouri,Appliances,1226.0318000000002,"1226.0318000000002,2536.9631999999997,3762.995"
Missouri,Furnishings,195.236,"195.236,5822.9662,6018.2022"
Missouri,Envelopes,33.4546,"33.4546,6380.660999999999,6414.115599999999"
Missouri,Art,66.1596,"66.1596,6261.2663999999995,6327.4259999999995"
Missouri,Labels,6.8724,"6.8724,6429.338099999999,6436.210499999999"
Missouri,Supplies,99.05800000000006,"99.05800000000006,6162.2083999999995,6261.2663999999995"
Missouri,Bookcases,53.235000000000014,"53.235000000000014,6327.4259999999995,6380.660999999999"
Missouri,Tables,361.5233999999999,"361.5233999999999,4661.4014,5022.9248"
Montana,Copiers,1379.9769999999999,"1379.9769999999999,0,1379.9769999999999"
Montana,Phones,51.73359999999995,"51.73359999999995,1733.6490999999999,1785.3826999999999"
Montana,Accessories,91.32480000000001,"91.32480000000001,1642.3242999999998,1733.6490999999999"
Montana,Paper,19.321199999999997,"19.321199999999997,1807.1359,1826.4571"
Montana,Binders,157.39839999999998,"157.39839999999998,1379.9769999999999,1537.3754"
Montana,Storage,104.94889999999998,"104.94889999999998,1537.3754,1642.3242999999998"
Montana,Furnishings,21.7532,"21.7532,1785.3826999999999,1807.1359"
Montana,Labels,6.8713999999999995,"6.8713999999999995,1826.4571,1833.3285"
Nebraska,Phones,891.6314999999998,"891.6314999999998,0,891.6314999999998"
Nebraska,Accessories,69.8835,"69.8835,1879.2368999999997,1949.1203999999996"
Nebraska,Paper,160.31819999999996,"160.31819999999996,1467.4576999999997,1627.7758999999996"
Nebraska,Binders,60.4036,"60.4036,1949.1203999999996,2009.5239999999997"
Nebraska,Chairs,112.78800000000001,"112.78800000000001,1766.4488999999996,1879.2368999999997"
Nebraska,Storage,138.673,"138.673,1627.7758999999996,1766.4488999999996"
Nebraska,Appliances,170.1778,"170.1778,1297.2798999999998,1467.4576999999997"
Nebraska,Furnishings,405.64839999999987,"405.64839999999987,891.6314999999998,1297.2798999999998"
Nebraska,Art,5.0596,"5.0596,2032.0345999999997,2037.0941999999998"
Nebraska,Labels,7.056,"7.056,2019.9085999999998,2026.9645999999998"
Nebraska,Fasteners,10.384599999999999,"10.384599999999999,2009.5239999999997,2019.9085999999998"
Nebraska,Supplies,5.0699999999999985,"5.0699999999999985,2026.9645999999998,2032.0345999999997"
Nevada,Phones,243.68649999999985,"243.68649999999985,2205.6322,2449.3187"
Nevada,Accessories,89.4291,"89.4291,3177.0887999999995,3266.5178999999994"
Nevada,Paper,153.59199999999998,"153.59199999999998,3023.4967999999994,3177.0887999999995"
Nevada,Binders,1768.443,"1768.443,0,1768.443"
Nevada,Chairs,-109.58220000000011,"-109.58220000000011,3426.3480999999992,3316.765899999999"
Nevada,Storage,238.6529999999999,"238.6529999999999,2449.3187,2687.9716999999996"
Nevada,Appliances,27.212599999999995,"27.212599999999995,3367.265099999999,3394.477699999999"
Nevada,Furnishings,155.7951,"155.7951,2867.7016999999996,3023.4967999999994"
Nevada,Art,59.578799999999994,"59.578799999999994,3266.5178999999994,3326.096699999999"
Nevada,Labels,6.8724,"6.8724,3419.475699999999,3426.3480999999992"
Nevada,Machines,179.73000000000013,"179.73000000000013,2687.9716999999996,2867.7016999999996"
Nevada,Fasteners,0,"0,3426.3480999999992,3426.3480999999992"
Nevada,Supplies,24.997999999999987,"24.997999999999987,3394.477699999999,3419.475699999999"
Nevada,Bookcases,41.16839999999999,"41.16839999999999,3326.096699999999,3367.265099999999"
Nevada,Tables,437.18919999999986,"437.18919999999986,1768.443,2205.6322"
New Hampshire,Phones,247.48499999999993,"247.48499999999993,1273.5405,1521.0255"
New Hampshire,Accessories,655.2223,"655.2223,0,655.2223"
New Hampshire,Paper,132.9606,"132.9606,1521.0255,1653.9861"
New Hampshire,Binders,359.06479999999993,"359.06479999999993,655.2223,1014.2871"
New Hampshire,Storage,33.71799999999999,"33.71799999999999,1734.2913,1768.0093000000002"
New Hampshire,Appliances,9.3184,"9.3184,1787.4357000000002,1796.7541000000003"
New Hampshire,Furnishings,259.2534,"259.2534,1014.2871,1273.5405"
New Hampshire,Art,80.30519999999997,"80.30519999999997,1653.9861,1734.2913"
New Hampshire,Labels,19.4264,"19.4264,1768.0093000000002,1787.4357000000002"
New Hampshire,Fasteners,6.965400000000001,"6.965400000000001,1804.8538000000003,1811.8192000000004"
New Hampshire,Supplies,8.099699999999999,"8.099699999999999,1796.7541000000003,1804.8538000000003"
New Hampshire,Tables,-105.31639999999993,"-105.31639999999993,1811.8192000000004,1706.5028000000004"
New Jersey,Phones,1110.6172,"1110.6172,5562.468999999999,6673.086199999999"
New Jersey,Accessories,349.62859999999995,"349.62859999999995,8666.469399999998,9016.097999999998"
New Jersey,Paper,683.3578,"683.3578,7452.198999999999,8135.5567999999985"
New Jersey,Binders,1649.0788,"1649.0788,2709.9521999999993,4359.030999999999"
New Jersey,Chairs,530.9126,"530.9126,8135.5567999999985,8666.469399999998"
New Jersey,Storage,779.1128000000001,"779.1128000000001,6673.086199999999,7452.198999999999"
New Jersey,Appliances,1203.438,"1203.438,4359.030999999999,5562.468999999999"
New Jersey,Furnishings,311.31530000000004,"311.31530000000004,9016.097999999998,9327.413299999998"
New Jersey,Envelopes,72.1862,"72.1862,9672.098199999999,9744.284399999999"
New Jersey,Art,203.29289999999995,"203.29289999999995,9327.413299999998,9530.706199999999"
New Jersey,Labels,32.1345,"32.1345,9776.959099999998,9809.093599999998"
New Jersey,Machines,2709.9521999999993,"2709.9521999999993,0,2709.9521999999993"
New Jersey,Fasteners,15.110800000000001,"15.110800000000001,9809.093599999998,9824.204399999999"
New Jersey,Supplies,32.674699999999994,"32.674699999999994,9744.284399999999,9776.959099999998"
New Jersey,Bookcases,141.39199999999988,"141.39199999999988,9530.706199999999,9672.098199999999"
New Jersey,Tables,-51.2906,"-51.2906,9824.204399999999,9772.913799999998"
New Mexico,Phones,72.94550000000001,"72.94550000000001,1012.3438999999997,1085.2893999999997"
New Mexico,Accessories,264.33729999999997,"264.33729999999997,298.9393999999999,563.2766999999999"
New Mexico,Paper,298.9393999999999,"298.9393999999999,0,298.9393999999999"
New Mexico,Binders,45.083999999999996,"45.083999999999996,1085.2893999999997,1130.3733999999997"
New Mexico,Chairs,119.58779999999994,"119.58779999999994,695.2805999999998,814.8683999999997"
New Mexico,Storage,78.1557,"78.1557,934.1881999999997,1012.3438999999997"
New Mexico,Furnishings,132.0039,"132.0039,563.2766999999999,695.2805999999998"
New Mexico,Envelopes,13.347999999999997,"13.347999999999997,1130.3733999999997,1143.7213999999997"
New Mexico,Art,119.3198,"119.3198,814.8683999999997,934.1881999999997"
New Mexico,Labels,8.6715,"8.6715,1143.7213999999997,1152.3928999999996"
New Mexico,Supplies,4.7232,"4.7232,1152.3928999999996,1157.1160999999995"
New York,Copiers,5839.949999999999,"5839.949999999999,48926.303299999985,54766.25329999998"
New York,Phones,13399.189200000003,"13399.189200000003,17320.076199999996,30719.265399999997"
New York,Accessories,5627.570199999998,"5627.570199999998,54766.25329999998,60393.823499999984"
New York,Paper,4023.079900000001,"4023.079900000001,64732.04139999999,68755.12129999998"
New York,Binders,11096.025999999994,"11096.025999999994,30719.265399999997,41815.29139999999"
New York,Chairs,7111.011899999997,"7111.011899999997,41815.29139999999,48926.303299999985"
New York,Storage,4338.2179,"4338.2179,60393.823499999984,64732.04139999999"
New York,Appliances,3807.7644999999993,"3807.7644999999993,68755.12129999998,72562.88579999999"
New York,Furnishings,2931.4346,"2931.4346,72562.88579999999,75494.32039999998"
New York,Envelopes,831.0267,"831.0267,76396.41299999999,77227.43969999999"
New York,Art,902.0926000000001,"902.0926000000001,75494.32039999998,76396.41299999999"
New York,Labels,611.1723,"611.1723,77227.43969999999,77838.612"
New York,Machines,17320.076199999996,"17320.076199999996,0,17320.076199999996"
New York,Fasteners,116.6671,"116.6671,78457.5223,78574.1894"
New York,Supplies,268.0359,"268.0359,78189.4864,78457.5223"
New York,Bookcases,350.8743999999987,"350.8743999999987,77838.612,78189.4864"
New York,Tables,-4535.640800000001,"-4535.640800000001,78574.1894,74038.54860000001"
North Carolina,Copiers,119.99599999999992,"119.99599999999992,3501.4981999999995,3621.4941999999996"
North Carolina,Phones,860.4341999999997,"860.4341999999997,898.8403000000001,1759.2744999999998"
North Carolina,Accessories,821.0744,"821.0744,1759.2744999999998,2580.3489"
North Carolina,Paper,898.8403000000001,"898.8403000000001,0,898.8403000000001"
North Carolina,Binders,-2007.8254,"-2007.8254,3585.9756999999986,1578.1502999999987"
North Carolina,Chairs,142.7238999999999,"142.7238999999999,3219.0681999999997,3361.7920999999997"
North Carolina,Storage,-86.2088000000002,"-86.2088000000002,3770.162499999999,3683.9536999999987"
North Carolina,Appliances,485.6745999999998,"485.6745999999998,2580.3489,3066.0235"
North Carolina,Furnishings,153.04469999999995,"153.04469999999995,3066.0235,3219.0681999999997"
North Carolina,Envelopes,139.70609999999996,"139.70609999999996,3361.7920999999997,3501.4981999999995"
North Carolina,Art,78.91649999999998,"78.91649999999998,3621.4941999999996,3700.4106999999995"
North Carolina,Labels,75.86840000000001,"75.86840000000001,3700.4106999999995,3776.2790999999993"
North Carolina,Machines,-5384.808599999999,"-5384.808599999999,-2106.103600000002,-7490.912200000002"
North Carolina,Fasteners,21.863699999999998,"21.863699999999998,3776.2790999999993,3798.142799999999"
North Carolina,Supplies,-27.980300000000028,"-27.980300000000028,3798.142799999999,3770.162499999999"
North Carolina,Bookcases,-97.978,"-97.978,3683.9536999999987,3585.9756999999986"
North Carolina,Tables,-3684.2539000000006,"-3684.2539000000006,1578.1502999999987,-2106.103600000002"
North Dakota,Binders,12.690999999999999,"12.690999999999999,213.97599999999997,226.66699999999997"
North Dakota,Storage,162.09479999999996,"162.09479999999996,0,162.09479999999996"
North Dakota,Art,51.8812,"51.8812,162.09479999999996,213.97599999999997"
North Dakota,Fasteners,3.4827000000000004,"3.4827000000000004,226.66699999999997,230.14969999999997"
Ohio,Copiers,446.99229999999983,"446.99229999999983,3200.596699999999,3647.588999999999"
Ohio,Phones,-2778.8577999999998,"-2778.8577999999998,-2421.5741000000025,-5200.431900000002"
Ohio,Accessories,1452.8700999999994,"1452.8700999999994,0,1452.8700999999994"
Ohio,Paper,744.0522000000001,"744.0522000000001,1452.8700999999994,2196.9222999999993"
Ohio,Binders,-1400.6681000000005,"-1400.6681000000005,1694.4284999999984,293.76039999999784"
Ohio,Chairs,-649.3542000000002,"-649.3542000000002,3702.8342999999986,3053.4800999999984"
Ohio,Storage,-276.33640000000014,"-276.33640000000014,3979.1706999999988,3702.8342999999986"
Ohio,Appliances,486.2552999999997,"486.2552999999997,2714.3413999999993,3200.596699999999"
Ohio,Furnishings,517.4190999999998,"517.4190999999998,2196.9222999999993,2714.3413999999993"
Ohio,Envelopes,194.6051,"194.6051,3647.588999999999,3842.194099999999"
Ohio,Art,103.23759999999997,"103.23759999999997,3842.194099999999,3945.4316999999987"
Ohio,Labels,55.522200000000005,"55.522200000000005,4006.551399999999,4062.073599999999"
Ohio,Machines,-11770.944700000002,"-11770.944700000002,-5200.431900000002,-16971.376600000003"
Ohio,Fasteners,61.11969999999999,"61.11969999999999,3945.4316999999987,4006.551399999999"
Ohio,Supplies,-82.90289999999999,"-82.90289999999999,4062.073599999999,3979.1706999999988"
Ohio,Bookcases,-1359.0516,"-1359.0516,3053.4800999999984,1694.4284999999984"
Ohio,Tables,-2715.3345000000004,"-2715.3345000000004,293.76039999999784,-2421.5741000000025"
Oklahoma,Phones,1185.2144,"1185.2144,0,1185.2144"
Oklahoma,Accessories,395.6858999999999,"395.6858999999999,3755.9424999999997,4151.6284"
Oklahoma,Paper,92.8482,"92.8482,4649.9738,4742.822"
Oklahoma,Binders,209.75369999999998,"209.75369999999998,4151.6284,4361.3821"
Oklahoma,Chairs,1106.7992,"1106.7992,1185.2144,2292.0136"
Oklahoma,Storage,100.37230000000001,"100.37230000000001,4549.6015,4649.9738"
Oklahoma,Appliances,471.5794999999999,"471.5794999999999,2871.8966,3343.4761"
Oklahoma,Furnishings,412.46639999999996,"412.46639999999996,3343.4761,3755.9424999999997"
Oklahoma,Envelopes,188.2194,"188.2194,4361.3821,4549.6015"
Oklahoma,Art,19.086399999999998,"19.086399999999998,4828.7208,4847.8072"
Oklahoma,Labels,31.185200000000002,"31.185200000000002,4797.5356,4828.7208"
Oklahoma,Supplies,6.148800000000001,"6.148800000000001,4847.8072,4853.956"
Oklahoma,Bookcases,54.713599999999985,"54.713599999999985,4742.822,4797.5356"
Oklahoma,Tables,579.883,"579.883,2292.0136,2871.8966"
Oregon,Phones,248.15029999999996,"248.15029999999996,644.3908000000001,892.5411000000001"
Oregon,Accessories,152.1385,"152.1385,892.5411000000001,1044.6796000000002"
Oregon,Paper,324.05800000000005,"324.05800000000005,0,324.05800000000005"
Oregon,Binders,-198.7411,"-198.7411,1358.6888000000001,1159.9477000000002"
Oregon,Chairs,106.11000000000001,"106.11000000000001,1044.6796000000002,1150.7896"
Oregon,Storage,-410.77290000000005,"-410.77290000000005,886.0153000000003,475.2424000000002"
Oregon,Appliances,54.08559999999999,"54.08559999999999,1288.0916000000002,1342.1772"
Oregon,Furnishings,72.026,"72.026,1150.7896,1222.8156000000001"
Oregon,Envelopes,18.0268,"18.0268,1342.1772,1360.2040000000002"
Oregon,Art,65.27599999999998,"65.27599999999998,1222.8156000000001,1288.0916000000002"
Oregon,Labels,320.3328,"320.3328,324.05800000000005,644.3908000000001"
Oregon,Machines,-273.9323999999999,"-273.9323999999999,1159.9477000000002,886.0153000000003"
Oregon,Fasteners,0.1695000000000011,"0.1695000000000011,1360.2040000000002,1360.3735000000001"
Oregon,Supplies,-1.6847000000000039,"-1.6847000000000039,1360.3735000000001,1358.6888000000001"
Oregon,Bookcases,-616.8158,"-616.8158,475.2424000000002,-141.57339999999976"
Oregon,Tables,-1048.8971,"-1048.8971,-141.57339999999976,-1190.4704999999997"
Pennsylvania,Copiers,1735.982899999999,"1735.982899999999,0,1735.982899999999"
Pennsylvania,Phones,-3606.9276,"-3606.9276,-7382.057700000005,-10988.985300000004"
Pennsylvania,Accessories,898.9686999999992,"898.9686999999992,1735.982899999999,2634.9515999999985"
Pennsylvania,Paper,813.0179,"813.0179,2634.9515999999985,3447.9694999999983"
Pennsylvania,Binders,-4570.975000000001,"-4570.975000000001,-10988.985300000004,-15559.960300000006"
Pennsylvania,Chairs,-1993.4180000000003,"-1993.4180000000003,2316.119799999997,322.70179999999687"
Pennsylvania,Storage,-1434.3118000000004,"-1434.3118000000004,5209.997899999998,3775.686099999997"
Pennsylvania,Appliances,694.2149999999999,"694.2149999999999,3447.9694999999983,4142.1844999999985"
Pennsylvania,Furnishings,282.2119999999997,"282.2119999999997,4559.2847999999985,4841.496799999998"
Pennsylvania,Envelopes,417.10029999999995,"417.10029999999995,4142.1844999999985,4559.2847999999985"
Pennsylvania,Art,137.75809999999998,"137.75809999999998,5042.917599999998,5180.675699999998"
Pennsylvania,Labels,201.42079999999999,"201.42079999999999,4841.496799999998,5042.917599999998"
Pennsylvania,Machines,-2219.2455999999993,"-2219.2455999999993,322.70179999999687,-1896.5438000000024"
Pennsylvania,Fasteners,29.322199999999995,"29.322199999999995,5180.675699999998,5209.997899999998"
Pennsylvania,Supplies,-1459.5663,"-1459.5663,3775.686099999997,2316.119799999997"
Pennsylvania,Bookcases,-2896.760100000001,"-2896.760100000001,-4485.2976000000035,-7382.057700000005"
Pennsylvania,Tables,-2588.753800000001,"-2588.753800000001,-1896.5438000000024,-4485.2976000000035"
Rhode Island,Copiers,3491.9388,"3491.9388,0,3491.9388"
Rhode Island,Phones,181.31130000000002,"181.31130000000002,6891.4615,7072.772800000001"
Rhode Island,Accessories,924.7622000000001,"924.7622000000001,4803.5431,5728.3053"
Rhode Island,Paper,270.4294,"270.4294,6621.0321,6891.4615"
Rhode Island,Binders,138.0673,"138.0673,7072.772800000001,7210.8401"
Rhode Island,Chairs,892.7267999999999,"892.7267999999999,5728.3053,6621.0321"
Rhode Island,Storage,1311.6042999999997,"1311.6042999999997,3491.9388,4803.5431"
Rhode Island,Appliances,0.6659999999999999,"0.6659999999999999,7515.1311000000005,7515.797100000001"
Rhode Island,Furnishings,121.3418,"121.3418,7340.3163,7461.658100000001"
Rhode Island,Art,18.715000000000003,"18.715000000000003,7496.4161,7515.1311000000005"
Rhode Island,Supplies,34.75799999999995,"34.75799999999995,7461.658100000001,7496.4161"
Rhode Island,Bookcases,129.4762,"129.4762,7210.8401,7340.3163"
Rhode Island,Tables,-230.16779999999994,"-230.16779999999994,7515.797100000001,7285.6293000000005"
South Carolina,Phones,412.70470000000006,"412.70470000000006,543.076,955.7807"
South Carolina,Accessories,40.882799999999996,"40.882799999999996,1700.2702000000002,1741.1530000000002"
South Carolina,Paper,159.8973,"159.8973,1202.3895,1362.2868"
South Carolina,Binders,246.6088,"246.6088,955.7807,1202.3895"
South Carolina,Chairs,543.076,"543.076,0,543.076"
South Carolina,Storage,118.35599999999994,"118.35599999999994,1512.1463,1630.5023"
South Carolina,Furnishings,69.76789999999995,"69.76789999999995,1630.5023,1700.2702000000002"
South Carolina,Envelopes,149.8595,"149.8595,1362.2868,1512.1463"
South Carolina,Art,9.909600000000001,"9.909600000000001,1759.1470000000002,1769.0566000000001"
South Carolina,Fasteners,17.993999999999996,"17.993999999999996,1741.1530000000002,1759.1470000000002"
South Dakota,Accessories,133.89660000000003,"133.89660000000003,0,133.89660000000003"
South Dakota,Binders,55.6446,"55.6446,246.30300000000005,301.9476000000001"
South Dakota,Chairs,27.440999999999995,"27.440999999999995,341.6964000000001,369.13740000000007"
South Dakota,Appliances,112.40640000000002,"112.40640000000002,133.89660000000003,246.30300000000005"
South Dakota,Labels,16.3795,"16.3795,369.13740000000007,385.5169000000001"
South Dakota,Fasteners,2.6814000000000004,"2.6814000000000004,392.1469000000001,394.82830000000007"
South Dakota,Supplies,6.63,"6.63,385.5169000000001,392.1469000000001"
South Dakota,Bookcases,39.7488,"39.7488,301.9476000000001,341.6964000000001"
Tennessee,Phones,305.22470000000004,"305.22470000000004,674.5412,979.7659000000001"
Tennessee,Accessories,35.21849999999997,"35.21849999999997,1499.8119000000002,1535.0304"
Tennessee,Paper,363.8583,"363.8583,0,363.8583"
Tennessee,Binders,-3635.918099999999,"-3635.918099999999,-1705.7755000000004,-5341.6936"
Tennessee,Chairs,150.42539999999977,"150.42539999999977,1182.9332000000002,1333.3586"
Tennessee,Storage,-333.57390000000015,"-333.57390000000015,1291.2122,957.6382999999998"
Tennessee,Appliances,203.1673,"203.1673,979.7659000000001,1182.9332000000002"
Tennessee,Furnishings,310.6829,"310.6829,363.8583,674.5412"
Tennessee,Envelopes,62.26859999999999,"62.26859999999999,1396.0721,1458.3407000000002"
Tennessee,Art,62.713499999999975,"62.713499999999975,1333.3586,1396.0721"
Tennessee,Labels,41.471199999999996,"41.471199999999996,1458.3407000000002,1499.8119000000002"
Tennessee,Machines,-274.40950000000015,"-274.40950000000015,1565.6217000000001,1291.2122"
Tennessee,Fasteners,28.89409999999999,"28.89409999999999,1535.0304,1563.9245"
Tennessee,Supplies,8.020799999999987,"8.020799999999987,1563.9245,1571.9453"
Tennessee,Bookcases,-6.3236000000000345,"-6.3236000000000345,1571.9453,1565.6217000000001"
Tennessee,Tables,-2663.4138000000003,"-2663.4138000000003,957.6382999999998,-1705.7755000000004"
Texas,Copiers,1629.9615000000001,"1629.9615000000001,5645.431099999999,7275.392599999999"
Texas,Phones,3222.4607999999994,"3222.4607999999994,0,3222.4607999999994"
Texas,Accessories,1105.8500999999992,"1105.8500999999992,7275.392599999999,8381.242699999999"
Texas,Paper,2422.9702999999995,"2422.9702999999995,3222.4607999999994,5645.431099999999"
Texas,Binders,-14705.073799999996,"-14705.073799999996,-11024.282500000008,-25729.356300000007"
Texas,Chairs,-2515.649,"-2515.649,3618.1109999999953,1102.4619999999954"
Texas,Storage,-763.705400000001,"-763.705400000001,9826.910199999998,9063.204799999998"
Texas,Appliances,-6147.222500000001,"-6147.222500000001,-4877.060000000009,-11024.282500000008"
Texas,Furnishings,-3312.678600000001,"-3312.678600000001,-1564.381400000007,-4877.060000000009"
Texas,Envelopes,848.1759999999997,"848.1759999999997,8381.242699999999,9229.418699999998"
Texas,Art,316.35380000000004,"316.35380000000004,9229.418699999998,9545.7725"
Texas,Labels,200.40199999999996,"200.40199999999996,9545.7725,9746.1745"
Texas,Machines,-2666.8434000000025,"-2666.8434000000025,1102.4619999999954,-1564.381400000007"
Texas,Fasteners,80.7357,"80.7357,9746.1745,9826.910199999998"
Texas,Supplies,-837.2795000000003,"-837.2795000000003,9063.204799999998,8225.925299999997"
Texas,Bookcases,-2391.137700000001,"-2391.137700000001,6009.2486999999965,3618.1109999999953"
Texas,Tables,-2216.6766000000002,"-2216.6766000000002,8225.925299999997,6009.2486999999965"
Utah,Copiers,449.9849999999999,"449.9849999999999,553.4284000000001,1003.4134"
Utah,Phones,90.42779999999996,"90.42779999999996,2301.7514,2392.1792"
Utah,Accessories,41.32229999999999,"41.32229999999999,2446.7501,2488.0724"
Utah,Paper,553.4284000000001,"553.4284000000001,0,553.4284000000001"
Utah,Binders,262.2578,"262.2578,1667.4658000000002,1929.7236000000003"
Utah,Storage,153.7654,"153.7654,2147.986,2301.7514"
Utah,Appliances,305.1300000000001,"305.1300000000001,1362.3358,1667.4658000000002"
Utah,Furnishings,54.570899999999995,"54.570899999999995,2392.1792,2446.7501"
Utah,Art,28.8803,"28.8803,2488.0724,2516.9527"
Utah,Labels,14.616,"14.616,2516.9527,2531.5687"
Utah,Fasteners,2.5328,"2.5328,2544.0006999999996,2546.5334999999995"
Utah,Supplies,12.432000000000002,"12.432000000000002,2531.5687,2544.0006999999996"
Utah,Bookcases,218.26239999999981,"218.26239999999981,1929.7236000000003,2147.986"
Utah,Tables,358.92240000000004,"358.92240000000004,1003.4134,1362.3358"
Vermont,Phones,336.635,"336.635,1419.8424,1756.4774"
Vermont,Accessories,110.65129999999999,"110.65129999999999,2087.3006,2197.9519"
Vermont,Paper,43.333999999999996,"43.333999999999996,2197.9519,2241.2859"
Vermont,Chairs,178.79999999999998,"178.79999999999998,1756.4774,1935.2774"
Vermont,Storage,406.71539999999993,"406.71539999999993,1013.1270000000001,1419.8424"
Vermont,Appliances,152.02319999999997,"152.02319999999997,1935.2774,2087.3006"
Vermont,Envelopes,0.9587999999999999,"0.9587999999999999,2244.0195,2244.9782999999998"
Vermont,Art,2.7336,"2.7336,2241.2859,2244.0195"
Vermont,Bookcases,1013.1270000000001,"1013.1270000000001,0,1013.1270000000001"
Virginia,Copiers,751.9624,"751.9624,15268.059699999998,16020.022099999998"
Virginia,Phones,2847.8657000000003,"2847.8657000000003,2890.2710999999995,5738.1368"
Virginia,Accessories,917.6551999999998,"917.6551999999998,14350.404499999999,15268.059699999998"
Virginia,Paper,570.4312,"570.4312,16020.022099999998,16590.453299999997"
Virginia,Binders,2268.9879,"2268.9879,8276.8231,10545.811"
Virginia,Chairs,1362.2309999999998,"1362.2309999999998,11963.5535,13325.7845"
Virginia,Storage,545.2807999999998,"545.2807999999998,16590.453299999997,17135.734099999998"
Virginia,Appliances,1417.7424999999998,"1417.7424999999998,10545.811,11963.5535"
Virginia,Furnishings,1024.6199999999997,"1024.6199999999997,13325.7845,14350.404499999999"
Virginia,Envelopes,506.4088999999999,"506.4088999999999,17135.734099999998,17642.142999999996"
Virginia,Art,258.97529999999995,"258.97529999999995,17920.932199999996,18179.907499999994"
Virginia,Labels,230.8035,"230.8035,18179.907499999994,18410.710999999996"
Virginia,Machines,2890.2710999999995,"2890.2710999999995,0,2890.2710999999995"
Virginia,Fasteners,40.6624,"40.6624,18557.287999999997,18597.950399999998"
Virginia,Supplies,146.57700000000006,"146.57700000000006,18410.710999999996,18557.287999999997"
Virginia,Bookcases,278.78919999999994,"278.78919999999994,17642.142999999996,17920.932199999996"
Virginia,Tables,2538.6863,"2538.6863,5738.1368,8276.8231"
Washington,Copiers,9442.4242,"9442.4242,0,9442.4242"
Washington,Phones,698.5819999999998,"698.5819999999998,29000.428399999997,29699.010399999996"
Washington,Accessories,4263.2735999999995,"4263.2735999999995,20380.225599999998,24643.4992"
Washington,Paper,1570.4083000000003,"1570.4083000000003,26375.175799999997,27945.584099999996"
Washington,Binders,6061.8114,"6061.8114,9442.4242,15504.2356"
Washington,Chairs,692.9452999999991,"692.9452999999991,29699.010399999996,30391.955699999995"
Washington,Storage,1731.6766000000002,"1731.6766000000002,24643.4992,26375.175799999997"
Washington,Appliances,591.8607999999999,"591.8607999999999,31007.019399999994,31598.880199999992"
Washington,Furnishings,1054.8443000000002,"1054.8443000000002,27945.584099999996,29000.428399999997"
Washington,Envelopes,245.7604,"245.7604,33049.58379999999,33295.34419999999"
Washington,Art,320.1679,"320.1679,32729.415899999993,33049.58379999999"
Washington,Labels,560.5303000000001,"560.5303000000001,32168.885599999994,32729.415899999993"
Washington,Machines,615.0637,"615.0637,30391.955699999995,31007.019399999994"
Washington,Fasteners,62.0332,"62.0332,33295.34419999999,33357.37739999999"
Washington,Supplies,45.274300000000004,"45.274300000000004,33357.37739999999,33402.65169999999"
Washington,Bookcases,570.0054,"570.0054,31598.880199999992,32168.885599999994"
Washington,Tables,4875.99,"4875.99,15504.2356,20380.225599999998"
West Virginia,Paper,219.4416,"219.4416,0,219.4416"
West Virginia,Binders,43.433600000000006,"43.433600000000006,219.4416,262.8752"
West Virginia,Tables,-76.9536,"-76.9536,262.8752,185.9216"
Wisconsin,Phones,1095.8977,"1095.8977,4238.592499999999,5334.490199999998"
Wisconsin,Accessories,1501.1719999999996,"1501.1719999999996,2737.4204999999993,4238.592499999999"
Wisconsin,Paper,665.3864,"665.3864,6112.572199999999,6777.958599999999"
Wisconsin,Binders,282.7635,"282.7635,7731.990399999999,8014.753899999999"
Wisconsin,Chairs,2737.4204999999993,"2737.4204999999993,0,2737.4204999999993"
Wisconsin,Storage,105.39170000000001,"105.39170000000001,8162.256099999999,8267.647799999999"
Wisconsin,Appliances,778.0820000000001,"778.0820000000001,5334.490199999998,6112.572199999999"
Wisconsin,Furnishings,303.2688,"303.2688,7428.721599999999,7731.990399999999"
Wisconsin,Art,44.6698,"44.6698,8350.590299999998,8395.260099999998"
Wisconsin,Labels,82.9425,"82.9425,8267.647799999999,8350.590299999998"
Wisconsin,Fasteners,0.6516,"0.6516,8401.148799999997,8401.800399999996"
Wisconsin,Supplies,5.888700000000001,"5.888700000000001,8395.260099999998,8401.148799999997"
Wisconsin,Bookcases,650.763,"650.763,6777.958599999999,7428.721599999999"
Wisconsin,Tables,147.5021999999999,"147.5021999999999,8014.753899999999,8162.256099999999"
Wyoming,Chairs,100.19599999999997,"100.19599999999997,0,100.19599999999997"